id,displayName,userPrincipalName,userType,onPremisesSyncEnabled,identities,companyName,creationType
0454d485-1abb-4268-a598-a164369308d5,"An, Anna",Anna.An@amphenol-cbs.com,Member,True,"[{""signInType"":""userPrincipalName"",""issuer"":""amphenolfci.onmicrosoft.com"",""issuerAssignedId"":""Anna.An@amphenol-cbs.com""}]","Amphenol High Speed Technology (Nantong) Co., Ltd",
b376133b-e9d1-446e-a2fa-e6d836dd45d9,"Anh, Anna",Anna.Anh@amphenol-cbs.com,Member,True,"[{""signInType"":""userPrincipalName"",""issuer"":""amphenolfci.onmicrosoft.com"",""issuerAssignedId"":""Anna.Anh@amphenol-cbs.com""}]","Amphenol High Speed Technology (Nantong) Co., Ltd",
998468d0-ac81-48b2-8669-bdc6a925adb2,"Anh, Annie",Annie.Anh@amphenol-cbs.com,Member,True,"[{""signInType"":""userPrincipalName"",""issuer"":""amphenolfci.onmicrosoft.com"",""issuerAssignedId"":""Annie.Anh@amphenol-cbs.com""}]","Amphenol High Speed Technology (Nantong) Co., Ltd",
f63aca29-5778-4c0f-bcb1-c39e403df05c,"Anh, Annie(IE)",AnnieIE.Anh@amphenol-cbs.com,Member,True,"[{""signInType"":""userPrincipalName"",""issuer"":""amphenolfci.onmicrosoft.com"",""issuerAssignedId"":""AnnieIE.Anh@amphenol-cbs.com""}]","Amphenol High Speed Technology (Nantong) Co., Ltd",
90685327-6666-4baa-8a0c-84ff790144d1,"Anh, Avery",Avery.Anh@amphenol-cbs.com,Member,True,"[{""signInType"":""userPrincipalName"",""issuer"":""amphenolfci.onmicrosoft.com"",""issuerAssignedId"":""Avery.Anh@amphenol-cbs.com""}]","Amphenol High Speed Technology (Nantong) Co., Ltd",
add13c33-635d-45e1-a18c-95b3bdf6292b,"Anh, Charlotte",Charlotte.Anh@amphenol-cbs.com,Member,True,"[{""signInType"":""userPrincipalName"",""issuer"":""amphenolfci.onmicrosoft.com"",""issuerAssignedId"":""Charlotte.Anh@amphenol-cbs.com""}]","Amphenol High Speed Technology (Nantong) Co., Ltd",
54e8dc0f-9be7-42f8-815e-bb8c4bf27c1a,"Anh, Fiona",Fiona.Anh@amphenol-cbs.com,Member,True,"[{""signInType"":""userPrincipalName"",""issuer"":""amphenolfci.onmicrosoft.com"",""issuerAssignedId"":""Fiona.Anh@amphenol-cbs.com""}]","Amphenol High Speed Technology (Nantong) Co., Ltd",
28268308-d1a1-4996-8307-408e88429d5f,"Anh, Hina",Hina.Anh@amphenol-cbs.com,Member,True,"[{""signInType"":""userPrincipalName"",""issuer"":""amphenolfci.onmicrosoft.com"",""issuerAssignedId"":""Hina.Anh@amphenol-cbs.com""}]","Amphenol High Speed Technology (Nantong) Co., Ltd",
c52208b2-4705-4057-94e1-f70b86e79b31,"Anh, Kenvin",Kenvin.Anh@amphenol-cbs.com,Member,True,"[{""signInType"":""userPrincipalName"",""issuer"":""amphenolfci.onmicrosoft.com"",""issuerAssignedId"":""Kenvin.Anh@amphenol-cbs.com""}]","Amphenol High Speed Technology (Nantong) Co., Ltd",
d2f1511c-5612-4bc0-ab39-07348fd5fb8a,"Anh, Rina",Rina.Anh@amphenol-cbs.com,Member,True,"[{""signInType"":""userPrincipalName"",""issuer"":""amphenolfci.onmicrosoft.com"",""issuerAssignedId"":""Rina.Anh@amphenol-cbs.com""}]","Amphenol High Speed Technology (Nantong) Co., Ltd",
95828300-0c69-4c56-950f-dbd4d4242f74,"Anh, Tobi",Tobi.Anh@amphenol-cbs.com,Member,True,"[{""signInType"":""userPrincipalName"",""issuer"":""amphenolfci.onmicrosoft.com"",""issuerAssignedId"":""Tobi.Anh@amphenol-cbs.com""}]","Amphenol High Speed Technology (Nantong) Co., Ltd",
202fb20d-0b14-481d-a20a-1b892eb7d858,"Anh, Vivian",Vivian.Anh@amphenol-cbs.com,Member,True,"[{""signInType"":""userPrincipalName"",""issuer"":""amphenolfci.onmicrosoft.com"",""issuerAssignedId"":""Vivian.Anh@amphenol-cbs.com""}]","Amphenol High Speed Technology (Nantong) Co., Ltd",
d1ed70f7-4594-4fbd-a398-93dc6d6cf0a8,"Bach, Max",Max.Bach@amphenol-cbs.com,Member,True,"[{""signInType"":""userPrincipalName"",""issuer"":""amphenolfci.onmicrosoft.com"",""issuerAssignedId"":""Max.Bach@amphenol-cbs.com""}]","Amphenol High Speed Technology (Nantong) Co., Ltd",
41a3a4d2-06fc-40c6-9aa7-517789da0de3,"Ban, Panda",Panda.Ban@amphenol-cbs.com,Member,True,"[{""signInType"":""userPrincipalName"",""issuer"":""amphenolfci.onmicrosoft.com"",""issuerAssignedId"":""Panda.Ban@amphenol-cbs.com""}]","Amphenol High Speed Technology (Nantong) Co., Ltd",
a11dec7f-ae09-4a99-b5bb-468ed3bdd8ab,"Boi, Joyce",Joyce.Boi@amphenol-cbs.com,Member,True,"[{""signInType"":""userPrincipalName"",""issuer"":""amphenolfci.onmicrosoft.com"",""issuerAssignedId"":""Joyce.Boi@amphenol-cbs.com""}]","Amphenol High Speed Technology (Nantong) Co., Ltd",
fafdf702-58fb-4a95-a22d-57197ca648f8,"Boi, Siro",Siro.Boi@amphenol-cbs.com,Member,True,"[{""signInType"":""userPrincipalName"",""issuer"":""amphenolfci.onmicrosoft.com"",""issuerAssignedId"":""Siro.Boi@amphenol-cbs.com""}]","Amphenol High Speed Technology (Nantong) Co., Ltd",
bdcf01ee-5a04-4a04-b6e6-37f6bc24b6c8,"Chao, Wang",Wang.Chao@amphenol-cbs.com,Member,True,"[{""signInType"":""userPrincipalName"",""issuer"":""amphenolfci.onmicrosoft.com"",""issuerAssignedId"":""Wang.Chao@amphenol-cbs.com""}]","Amphenol High Speed Technology (Nantong) Co., Ltd",
ee3a6d49-91db-4c44-bfc6-54da70e6b5ad,"Chen, Alan",Alan.Chen@amphenol-cbs.com,Member,True,"[{""signInType"":""userPrincipalName"",""issuer"":""amphenolfci.onmicrosoft.com"",""issuerAssignedId"":""Alan.Chen@amphenol-cbs.com""}]","Amphenol High Speed Technology (Nantong) Co., Ltd",
01a78117-477a-41d8-8282-b27c1166a489,"Chen, Caifang",Caifang.Chen@amphenol-cbs.com,Member,True,"[{""signInType"":""userPrincipalName"",""issuer"":""amphenolfci.onmicrosoft.com"",""issuerAssignedId"":""Caifang.Chen@amphenol-cbs.com""}]","Amphenol High Speed Technology (Nantong) Co., Ltd",
c1819038-83c6-4c68-b036-c817af1ce5af,"Chen, Chloe",Chloe.Chen@amphenol-cbs.com,Member,True,"[{""signInType"":""userPrincipalName"",""issuer"":""amphenolfci.onmicrosoft.com"",""issuerAssignedId"":""Chloe.Chen@amphenol-cbs.com""}]","Amphenol High Speed Technology (Nantong) Co., Ltd",
bd56059a-bd93-4fa0-8714-1bb629c9b2d8,"Chen, Dylan",Dylan.Chen@amphenol-cbs.com,Member,True,"[{""signInType"":""userPrincipalName"",""issuer"":""amphenolfci.onmicrosoft.com"",""issuerAssignedId"":""Dylan.Chen@amphenol-cbs.com""}]","Amphenol High Speed Technology (Nantong) Co., Ltd",
1ca15fde-78e0-45e3-9beb-c7732510ae2a,"Chen, You-Hong",You-Hong.Chen@amphenol-cbs.com,Member,True,"[{""signInType"":""userPrincipalName"",""issuer"":""amphenolfci.onmicrosoft.com"",""issuerAssignedId"":""You-Hong.Chen@amphenol-cbs.com""}]","Amphenol High Speed Technology (Nantong) Co., Ltd",
40a8c47c-c0da-443e-b3eb-bcd01b06acf1,"Cheng, Yichang",Yichang.Cheng@amphenol-cbs.com,Member,True,"[{""signInType"":""userPrincipalName"",""issuer"":""amphenolfci.onmicrosoft.com"",""issuerAssignedId"":""Yichang.Cheng@amphenol-cbs.com""}]","Amphenol High Speed Technology (Nantong) Co., Ltd",
976037d7-9fc6-4832-85e9-ccf9cb6a70dd,"Chi, Celine",Celine.Chi@amphenol-cbs.com,Member,True,"[{""signInType"":""userPrincipalName"",""issuer"":""amphenolfci.onmicrosoft.com"",""issuerAssignedId"":""Celine.Chi@amphenol-cbs.com""}]","Amphenol High Speed Technology (Nantong) Co., Ltd",
57bc5ae3-7407-4b85-b906-a0d1b61428ca,"Chien, Victor",Victor.Chien@amphenol-cbs.com,Member,True,"[{""signInType"":""userPrincipalName"",""issuer"":""amphenolfci.onmicrosoft.com"",""issuerAssignedId"":""Victor.Chien@amphenol-cbs.com""}]","Amphenol High Speed Technology (Nantong) Co., Ltd",
a94b7ba3-4e87-463e-9265-92fa0318bd3a,"Chuc, Hannah",Hannah.Chuc@amphenol-cbs.com,Member,True,"[{""signInType"":""userPrincipalName"",""issuer"":""amphenolfci.onmicrosoft.com"",""issuerAssignedId"":""Hannah.Chuc@amphenol-cbs.com""}]","Amphenol High Speed Technology (Nantong) Co., Ltd",
632f8eec-7405-4a75-b6fd-7e3dbf6ba0aa,"Cui, Musk",Musk.Cui@amphenol-cbs.com,Member,True,"[{""signInType"":""userPrincipalName"",""issuer"":""amphenolfci.onmicrosoft.com"",""issuerAssignedId"":""Musk.Cui@amphenol-cbs.com""}]","Amphenol High Speed Technology (Nantong) Co., Ltd",
30fa8294-40ef-4c1f-a064-a1990ed27e4b,"Cuong, Ethan",Ethan.Cuong@amphenol-cbs.com,Member,True,"[{""signInType"":""userPrincipalName"",""issuer"":""amphenolfci.onmicrosoft.com"",""issuerAssignedId"":""Ethan.Cuong@amphenol-cbs.com""}]","Amphenol High Speed Technology (Nantong) Co., Ltd",
f1e7e03c-6c9a-469c-9615-eb55df9c3ad0,"Cuong, Henry",Henry.Cuong@amphenol-cbs.com,Member,True,"[{""signInType"":""userPrincipalName"",""issuer"":""amphenolfci.onmicrosoft.com"",""issuerAssignedId"":""Henry.Cuong@amphenol-cbs.com""}]","Amphenol High Speed Technology (Nantong) Co., Ltd",
845b9136-2584-4222-8ef9-03693d37b420,"Cuong, Tony",Tony.Cuong@amphenol-cbs.com,Member,True,"[{""signInType"":""userPrincipalName"",""issuer"":""amphenolfci.onmicrosoft.com"",""issuerAssignedId"":""Tony.Cuong@amphenol-cbs.com""}]","Amphenol High Speed Technology (Nantong) Co., Ltd",
2bffd4da-eb58-4c5e-b773-42a4e809be02,"Dai, Alex",Alex.Dai@amphenol-cbs.com,Member,True,"[{""signInType"":""userPrincipalName"",""issuer"":""amphenolfci.onmicrosoft.com"",""issuerAssignedId"":""Alex.Dai@amphenol-cbs.com""}]","Amphenol High Speed Technology (Nantong) Co., Ltd",
b8c74aaa-4270-471f-9b71-f91503b8bf85,"Dai, YunQiang",YunQiang.Dai@amphenol-cbs.com,Member,True,"[{""signInType"":""userPrincipalName"",""issuer"":""amphenolfci.onmicrosoft.com"",""issuerAssignedId"":""YunQiang.Dai@amphenol-cbs.com""}]","Amphenol High Speed Technology (Nantong) Co., Ltd",
6421554c-b895-4493-bdf6-4f97f25d6414,"Dien, Danny",Danny.Dien@amphenol-cbs.com,Member,True,"[{""signInType"":""userPrincipalName"",""issuer"":""amphenolfci.onmicrosoft.com"",""issuerAssignedId"":""Danny.Dien@amphenol-cbs.com""}]","Amphenol High Speed Technology (Nantong) Co., Ltd",
999137c6-73cc-403f-a2b0-dc3985c3d434,"Diep, Helen",Helen.Diep@amphenol-cbs.com,Member,True,"[{""signInType"":""userPrincipalName"",""issuer"":""amphenolfci.onmicrosoft.com"",""issuerAssignedId"":""Helen.Diep@amphenol-cbs.com""}]","Amphenol High Speed Technology (Nantong) Co., Ltd",
938e6b57-ca4b-489a-bdb0-898324efffd4,"Dis-Lin, Baron",Dis-Baron.Lin@amphenol-cbs.com,Member,True,"[{""signInType"":""userPrincipalName"",""issuer"":""amphenolfci.onmicrosoft.com"",""issuerAssignedId"":""Dis-Baron.Lin@amphenol-cbs.com""}]","Amphenol High Speed Technology (Nantong) Co., Ltd",
730779e1-3feb-463a-995a-51e80288f2ef,"Dis-Zhang, Shawn",Dis-Shawn.Zhang@amphenol-cbs.com,Member,True,"[{""signInType"":""federated"",""issuer"":""phone"",""issuerAssignedId"":""+8618862125593""},{""signInType"":""userPrincipalName"",""issuer"":""amphenolfci.onmicrosoft.com"",""issuerAssignedId"":""Dis-Shawn.Zhang@amphenol-cbs.com""}]","Amphenol High Speed Technology (Nantong) Co., Ltd",
9e38f340-4141-4f04-b0e0-6a2ae6846dc0,"Dis-Zong, Jackly",Dis-Jackly.Zong@amphenol-cbs.com,Member,True,"[{""signInType"":""userPrincipalName"",""issuer"":""amphenolfci.onmicrosoft.com"",""issuerAssignedId"":""Dis-Jackly.Zong@amphenol-cbs.com""}]","Amphenol High Speed Technology (Nantong) Co., Ltd",
88ff1554-ac03-4219-9dfe-eab0a20d3289,"Dong, Cheyenne",Cheyenne.Dong@amphenol-cbs.com,Member,True,"[{""signInType"":""userPrincipalName"",""issuer"":""amphenolfci.onmicrosoft.com"",""issuerAssignedId"":""Cheyenne.Dong@amphenol-cbs.com""}]","Amphenol High Speed Technology (Nantong) Co., Ltd",
099adedc-47ec-4cb6-9092-90acd2214516,"Dong, Jay",Jay.Dong@amphenol-cbs.com,Member,True,"[{""signInType"":""userPrincipalName"",""issuer"":""amphenolfci.onmicrosoft.com"",""issuerAssignedId"":""Jay.Dong@amphenol-cbs.com""}]","Amphenol High Speed Technology (Nantong) Co., Ltd",
c4c51235-b9f0-49f7-b12f-c360de3e6280,"Du, Owen",Owen.Du@amphenol-cbs.com,Member,True,"[{""signInType"":""userPrincipalName"",""issuer"":""amphenolfci.onmicrosoft.com"",""issuerAssignedId"":""Owen.Du@amphenol-cbs.com""}]","Amphenol High Speed Technology (Nantong) Co., Ltd",
7e60680d-a0bc-4c25-9401-f109eaefec97,"Duc, Dennis",Dennis.Duc@amphenol-cbs.com,Member,True,"[{""signInType"":""userPrincipalName"",""issuer"":""amphenolfci.onmicrosoft.com"",""issuerAssignedId"":""Dennis.Duc@amphenol-cbs.com""}]","Amphenol High Speed Technology (Nantong) Co., Ltd",
0a513bc9-58da-4a53-ad17-1acfe79961e3,"Duc, Dicky",Dicky.Duc@amphenol-cbs.com,Member,True,"[{""signInType"":""userPrincipalName"",""issuer"":""amphenolfci.onmicrosoft.com"",""issuerAssignedId"":""Dicky.Duc@amphenol-cbs.com""}]","Amphenol High Speed Technology (Nantong) Co., Ltd",
b35b606a-d5fc-4374-baf9-e67420ff5e9a,"Duc, Ruvid",Ruvid.Duc@amphenol-cbs.com,Member,True,"[{""signInType"":""userPrincipalName"",""issuer"":""amphenolfci.onmicrosoft.com"",""issuerAssignedId"":""Ruvid.Duc@amphenol-cbs.com""}]","Amphenol High Speed Technology (Nantong) Co., Ltd",
01cac6ef-69cf-4d2d-acdf-ccf30972b71f,"Dung, Andy",Andy.Dung@amphenol-cbs.com,Member,True,"[{""signInType"":""userPrincipalName"",""issuer"":""amphenolfci.onmicrosoft.com"",""issuerAssignedId"":""Andy.Dung@amphenol-cbs.com""}]","Amphenol High Speed Technology (Nantong) Co., Ltd",
eb230100-38c0-4827-ab02-e3982c98e5fa,"Dung, Vincent",Vincent.Dung@amphenol-cbs.com,Member,True,"[{""signInType"":""userPrincipalName"",""issuer"":""amphenolfci.onmicrosoft.com"",""issuerAssignedId"":""Vincent.Dung@amphenol-cbs.com""}]","Amphenol High Speed Technology (Nantong) Co., Ltd",
cbb25981-fc99-48f5-a5f1-8a2b879988ec,"Duy, Dylan",Dylan.Duy@amphenol-cbs.com,Member,True,"[{""signInType"":""userPrincipalName"",""issuer"":""amphenolfci.onmicrosoft.com"",""issuerAssignedId"":""Dylan.Duy@amphenol-cbs.com""}]","Amphenol High Speed Technology (Nantong) Co., Ltd",
618c321b-a354-4f10-aae5-f9cc67c87aa8,"Fang, Leo",Leo.Fang@amphenol-cbs.com,Member,True,"[{""signInType"":""userPrincipalName"",""issuer"":""amphenolfci.onmicrosoft.com"",""issuerAssignedId"":""Leo.Fang@amphenol-cbs.com""}]","Amphenol High Speed Technology (Nantong) Co., Ltd",
a1f9c201-2076-4751-9c1b-6062aa168401,"Gao, Jack",Jack.Gao@amphenol-cbs.com,Member,True,"[{""signInType"":""userPrincipalName"",""issuer"":""amphenolfci.onmicrosoft.com"",""issuerAssignedId"":""Jack.Gao@amphenol-cbs.com""}]","Amphenol High Speed Technology (Nantong) Co., Ltd",
e1a87b61-8629-4854-af4e-792969876fa8,"Giang, Gina",Gina.Giang@amphenol-cbs.com,Member,True,"[{""signInType"":""userPrincipalName"",""issuer"":""amphenolfci.onmicrosoft.com"",""issuerAssignedId"":""Gina.Giang@amphenol-cbs.com""}]","Amphenol High Speed Technology (Nantong) Co., Ltd",
db34a38e-6dc3-4a71-a871-1940394d3264,"Giang, Jay",Jay.Giang@amphenol-cbs.com,Member,True,"[{""signInType"":""userPrincipalName"",""issuer"":""amphenolfci.onmicrosoft.com"",""issuerAssignedId"":""Jay.Giang@amphenol-cbs.com""}]","Amphenol High Speed Technology (Nantong) Co., Ltd",
4a9099f0-6c0e-458f-9ec2-95e96f9990a0,"Giang, Lucas",Lucas.Giang@amphenol-cbs.com,Member,True,"[{""signInType"":""userPrincipalName"",""issuer"":""amphenolfci.onmicrosoft.com"",""issuerAssignedId"":""Lucas.Giang@amphenol-cbs.com""}]","Amphenol High Speed Technology (Nantong) Co., Ltd",
233a6a07-f73c-47de-9670-82e2f3e32138,"Giap, Jack",Jack.Giap@amphenol-cbs.com,Member,True,"[{""signInType"":""userPrincipalName"",""issuer"":""amphenolfci.onmicrosoft.com"",""issuerAssignedId"":""Jack.Giap@amphenol-cbs.com""}]","Amphenol High Speed Technology (Nantong) Co., Ltd",
ff08edc7-6ee2-4d32-a052-2f372431df29,"Guo, Gantt",Gantt.Guo@amphenol-cbs.com,Member,True,"[{""signInType"":""userPrincipalName"",""issuer"":""amphenolfci.onmicrosoft.com"",""issuerAssignedId"":""Gantt.Guo@amphenol-cbs.com""}]","Amphenol High Speed Technology (Nantong) Co., Ltd",
4b0d83e8-138d-4aec-aa05-d3c51850ed4a,"Guo, Shawn",Shawn.Guo@amphenol-cbs.com,Member,True,"[{""signInType"":""userPrincipalName"",""issuer"":""amphenolfci.onmicrosoft.com"",""issuerAssignedId"":""Shawn.Guo@amphenol-cbs.com""}]","Amphenol High Speed Technology (Nantong) Co., Ltd",
a146d452-ec64-4cfc-9a73-35a0b1ef7b83,"Ha, Beany",Beany.Ha@amphenol-cbs.com,Member,True,"[{""signInType"":""userPrincipalName"",""issuer"":""amphenolfci.onmicrosoft.com"",""issuerAssignedId"":""Beany.Ha@amphenol-cbs.com""}]","Amphenol High Speed Technology (Nantong) Co., Ltd",
1e59af4b-5d6f-4782-92c5-b0ded7b3b033,"Ha, Hazel",Hazel.Ha@amphenol-cbs.com,Member,True,"[{""signInType"":""userPrincipalName"",""issuer"":""amphenolfci.onmicrosoft.com"",""issuerAssignedId"":""Hazel.Ha@amphenol-cbs.com""}]","Amphenol High Speed Technology (Nantong) Co., Ltd",
a09263da-20a4-473b-9e03-eff3b6554b1f,"Ha, Lily",Lily.Ha@amphenol-cbs.com,Member,True,"[{""signInType"":""userPrincipalName"",""issuer"":""amphenolfci.onmicrosoft.com"",""issuerAssignedId"":""Lily.Ha@amphenol-cbs.com""}]","Amphenol High Speed Technology (Nantong) Co., Ltd",
12246733-4649-4302-af5e-3629cc05e10a,"Ha, Louis",Louis.Ha@amphenol-cbs.com,Member,True,"[{""signInType"":""userPrincipalName"",""issuer"":""amphenolfci.onmicrosoft.com"",""issuerAssignedId"":""Louis.Ha@amphenol-cbs.com""}]","Amphenol High Speed Technology (Nantong) Co., Ltd",
4c1eac14-798d-456f-b2db-f267c7d9e962,"Ha, Nyssa",Nyssa.Ha@amphenol-cbs.com,Member,True,"[{""signInType"":""userPrincipalName"",""issuer"":""amphenolfci.onmicrosoft.com"",""issuerAssignedId"":""Nyssa.Ha@amphenol-cbs.com""}]","Amphenol High Speed Technology (Nantong) Co., Ltd",
19111608-9286-42ae-8738-a7026e73d85e,"Hai, Sea",Sea.Hai@amphenol-cbs.com,Member,True,"[{""signInType"":""userPrincipalName"",""issuer"":""amphenolfci.onmicrosoft.com"",""issuerAssignedId"":""Sea.Hai@amphenol-cbs.com""}]","Amphenol High Speed Technology (Nantong) Co., Ltd",
a53c1959-55a2-43e4-a13d-4b4c42e70a46,"Hai, Seven",Seven.Hai@amphenol-cbs.com,Member,True,"[{""signInType"":""userPrincipalName"",""issuer"":""amphenolfci.onmicrosoft.com"",""issuerAssignedId"":""Seven.Hai@amphenol-cbs.com""}]","Amphenol High Speed Technology (Nantong) Co., Ltd",
d89ecb70-a056-4710-ad75-07bde77534ce,"Han, Gem",Gem.Han@amphenol-cbs.com,Member,True,"[{""signInType"":""userPrincipalName"",""issuer"":""amphenolfci.onmicrosoft.com"",""issuerAssignedId"":""Gem.Han@amphenol-cbs.com""}]","Amphenol High Speed Technology (Nantong) Co., Ltd",
008ae929-3bef-4f04-a683-e875082215b8,"Hang, Emma",Emma.Hang@amphenol-cbs.com,Member,True,"[{""signInType"":""userPrincipalName"",""issuer"":""amphenolfci.onmicrosoft.com"",""issuerAssignedId"":""Emma.Hang@amphenol-cbs.com""}]","Amphenol High Speed Technology (Nantong) Co., Ltd",
bc175769-6d44-4ece-a5fc-4cb8652362a8,"Hang, Hana",Hana.Hang@amphenol-cbs.com,Member,True,"[{""signInType"":""userPrincipalName"",""issuer"":""amphenolfci.onmicrosoft.com"",""issuerAssignedId"":""Hana.Hang@amphenol-cbs.com""}]","Amphenol High Speed Technology (Nantong) Co., Ltd",
1a535a4b-252f-457c-b8ea-06e446229e3c,"Hang, Hannah",Hannah.Hang@amphenol-cbs.com,Member,True,"[{""signInType"":""userPrincipalName"",""issuer"":""amphenolfci.onmicrosoft.com"",""issuerAssignedId"":""Hannah.Hang@amphenol-cbs.com""}]","Amphenol High Speed Technology (Nantong) Co., Ltd",
0378963e-f40c-45f2-b047-3e39eac36d64,"Hang, Luna",Luna.Hang@amphenol-cbs.com,Member,True,"[{""signInType"":""userPrincipalName"",""issuer"":""amphenolfci.onmicrosoft.com"",""issuerAssignedId"":""Luna.Hang@amphenol-cbs.com""}]","Amphenol High Speed Technology (Nantong) Co., Ltd",
89b214a8-764f-4eaa-b37c-787df3aa14aa,"Hang, Luna",LunaF.Hang@amphenol-cbs.com,Member,True,"[{""signInType"":""userPrincipalName"",""issuer"":""amphenolfci.onmicrosoft.com"",""issuerAssignedId"":""LunaF.Hang@amphenol-cbs.com""}]","Amphenol High Speed Technology (Nantong) Co., Ltd",
5ff100b8-2dd6-4db5-b441-767f0be784a3,"Hanh, Casey",Casey.Hanh@amphenol-cbs.com,Member,True,"[{""signInType"":""userPrincipalName"",""issuer"":""amphenolfci.onmicrosoft.com"",""issuerAssignedId"":""Casey.Hanh@amphenol-cbs.com""}]","Amphenol High Speed Technology (Nantong) Co., Ltd",
39f82d2f-3bb4-4dbd-8b42-3aa78adbabb6,"Hau, Vincent",Vincent.Hau@amphenol-cbs.com,Member,True,"[{""signInType"":""userPrincipalName"",""issuer"":""amphenolfci.onmicrosoft.com"",""issuerAssignedId"":""Vincent.Hau@amphenol-cbs.com""}]","Amphenol High Speed Technology (Nantong) Co., Ltd",
488c34fa-58a9-42d2-b263-e7d49c491284,"Hien, Charlie",Charlie.Hien@amphenol-cbs.com,Member,True,"[{""signInType"":""userPrincipalName"",""issuer"":""amphenolfci.onmicrosoft.com"",""issuerAssignedId"":""Charlie.Hien@amphenol-cbs.com""}]","Amphenol High Speed Technology (Nantong) Co., Ltd",
a38dd808-31da-439a-8482-4a2138578085,"Hien, Helen",Helen.Hien@amphenol-cbs.com,Member,True,"[{""signInType"":""userPrincipalName"",""issuer"":""amphenolfci.onmicrosoft.com"",""issuerAssignedId"":""Helen.Hien@amphenol-cbs.com""}]","Amphenol High Speed Technology (Nantong) Co., Ltd",
0ff5d063-7bb3-4e00-b779-5418c0357fda,"Hien, Lina",Lina.Hien@amphenol-cbs.com,Member,True,"[{""signInType"":""userPrincipalName"",""issuer"":""amphenolfci.onmicrosoft.com"",""issuerAssignedId"":""Lina.Hien@amphenol-cbs.com""}]","Amphenol High Speed Technology (Nantong) Co., Ltd",
a25dbfcc-8aed-4bdc-bc4a-953261aa5c61,"Hien, Shine",Shine.Hien@amphenol-cbs.com,Member,True,"[{""signInType"":""userPrincipalName"",""issuer"":""amphenolfci.onmicrosoft.com"",""issuerAssignedId"":""Shine.Hien@amphenol-cbs.com""}]","Amphenol High Speed Technology (Nantong) Co., Ltd",
e3d2a2b6-da38-4f04-bf20-e93f65eb5753,"Hiep, Arthur",Arthur.Hiep@amphenol-cbs.com,Member,True,"[{""signInType"":""userPrincipalName"",""issuer"":""amphenolfci.onmicrosoft.com"",""issuerAssignedId"":""Arthur.Hiep@amphenol-cbs.com""}]","Amphenol High Speed Technology (Nantong) Co., Ltd",
f0d9176c-e321-4fb5-bc04-0ca4b7c83775,"Hiep, Tyler",Tyler.Hiep@amphenol-cbs.com,Member,True,"[{""signInType"":""userPrincipalName"",""issuer"":""amphenolfci.onmicrosoft.com"",""issuerAssignedId"":""Tyler.Hiep@amphenol-cbs.com""}]","Amphenol High Speed Technology (Nantong) Co., Ltd",
acd83677-2f52-47b9-85ca-0e1485cad0b1,"Hieu, Leon",Leon.Hieu@amphenol-cbs.com,Member,True,"[{""signInType"":""userPrincipalName"",""issuer"":""amphenolfci.onmicrosoft.com"",""issuerAssignedId"":""Leon.Hieu@amphenol-cbs.com""}]","Amphenol High Speed Technology (Nantong) Co., Ltd",
aceb4ece-d709-4c88-9941-7f5e2a573cf2,"Hoa, Anna",Anna.Hoa@amphenol-cbs.com,Member,True,"[{""signInType"":""userPrincipalName"",""issuer"":""amphenolfci.onmicrosoft.com"",""issuerAssignedId"":""Anna.Hoa@amphenol-cbs.com""}]","Amphenol High Speed Technology (Nantong) Co., Ltd",
c1e06699-18c5-4103-aaa4-a0446b785145,"Hoai, Anny",Anny.Hoai@amphenol-cbs.com,Member,True,"[{""signInType"":""userPrincipalName"",""issuer"":""amphenolfci.onmicrosoft.com"",""issuerAssignedId"":""Anny.Hoai@amphenol-cbs.com""}]","Amphenol High Speed Technology (Nantong) Co., Ltd",
6563bceb-23eb-4526-92c3-07f6eef69d77,"Hoan, Jonny",Jonny.Hoan@amphenol-cbs.com,Member,True,"[{""signInType"":""userPrincipalName"",""issuer"":""amphenolfci.onmicrosoft.com"",""issuerAssignedId"":""Jonny.Hoan@amphenol-cbs.com""}]","Amphenol High Speed Technology (Nantong) Co., Ltd",
e6dd0fb8-4284-4a01-a6be-0bf8c408044b,"Hoan, Judy",Judy.Hoan@amphenol-cbs.com,Member,True,"[{""signInType"":""userPrincipalName"",""issuer"":""amphenolfci.onmicrosoft.com"",""issuerAssignedId"":""Judy.Hoan@amphenol-cbs.com""}]","Amphenol High Speed Technology (Nantong) Co., Ltd",
5fd4abcc-5e6e-430f-8564-53b00b9d10fa,"Hong, Lucky",Lucky.Hong@amphenol-cbs.com,Member,True,"[{""signInType"":""userPrincipalName"",""issuer"":""amphenolfci.onmicrosoft.com"",""issuerAssignedId"":""Lucky.Hong@amphenol-cbs.com""}]","Amphenol High Speed Technology (Nantong) Co., Ltd",
43c95fa6-2de5-4302-9b2b-7a63a1f41db3,"Hou, Rambo",Rambo.Hou@amphenol-cbs.com,Member,True,"[{""signInType"":""userPrincipalName"",""issuer"":""amphenolfci.onmicrosoft.com"",""issuerAssignedId"":""Rambo.Hou@amphenol-cbs.com""}]","Amphenol High Speed Technology (Nantong) Co., Ltd",
33489695-04fa-4c9f-8f47-ec5cf73ed946,"Hu, Ginny",Ginny.Hu@amphenol-cbs.com,Member,True,"[{""signInType"":""userPrincipalName"",""issuer"":""amphenolfci.onmicrosoft.com"",""issuerAssignedId"":""Ginny.Hu@amphenol-cbs.com""}]","Amphenol High Speed Technology (Nantong) Co., Ltd",
1faedad9-d3ec-445c-bc0c-eb5101e2a1ba,"Hu, Kyle",Kyle.Hu@amphenol-cbs.com,Member,True,"[{""signInType"":""userPrincipalName"",""issuer"":""amphenolfci.onmicrosoft.com"",""issuerAssignedId"":""Kyle.Hu@amphenol-cbs.com""}]","Amphenol High Speed Technology (Nantong) Co., Ltd",
99456237-27f2-4135-bd01-4a0cd04dca81,"Hu, Silas",Silas.Hu@amphenol-cbs.com,Member,True,"[{""signInType"":""userPrincipalName"",""issuer"":""amphenolfci.onmicrosoft.com"",""issuerAssignedId"":""Silas.Hu@amphenol-cbs.com""}]","Amphenol High Speed Technology (Nantong) Co., Ltd",
dabd2a70-85ea-4242-9614-d6c8e7466dde,"Hu, Vicky",Vicky.Hu@amphenol-cbs.com,Member,True,"[{""signInType"":""userPrincipalName"",""issuer"":""amphenolfci.onmicrosoft.com"",""issuerAssignedId"":""Vicky.Hu@amphenol-cbs.com""}]","Amphenol High Speed Technology (Nantong) Co., Ltd",
b07b3c98-219c-4dd9-84a7-0bd9a660de59,"Huang, Olivia",Olivia.Huang@amphenol-cbs.com,Member,True,"[{""signInType"":""userPrincipalName"",""issuer"":""amphenolfci.onmicrosoft.com"",""issuerAssignedId"":""Olivia.Huang@amphenol-cbs.com""}]","Amphenol High Speed Technology (Nantong) Co., Ltd",
418eeb8d-fc38-4fd7-b88b-69fa915a4d7c,"Huang, Shenglei",Shenglei.Huang@amphenol-cbs.com,Member,True,"[{""signInType"":""userPrincipalName"",""issuer"":""amphenolfci.onmicrosoft.com"",""issuerAssignedId"":""Shenglei.Huang@amphenol-cbs.com""}]","Amphenol High Speed Technology (Nantong) Co., Ltd",
2664a278-d838-4f38-882b-fd6b08a38d5d,"Huang, Victor",Victor.Huang@amphenol-cbs.com,Member,True,"[{""signInType"":""userPrincipalName"",""issuer"":""amphenolfci.onmicrosoft.com"",""issuerAssignedId"":""Victor.Huang@amphenol-cbs.com""}]","Amphenol High Speed Technology (Nantong) Co., Ltd",
db99fae0-aa99-4f97-80b9-25a1656f07c1,"Hue, Cici",Cici.Hue@amphenol-cbs.com,Member,True,"[{""signInType"":""userPrincipalName"",""issuer"":""amphenolfci.onmicrosoft.com"",""issuerAssignedId"":""Cici.Hue@amphenol-cbs.com""}]","Amphenol High Speed Technology (Nantong) Co., Ltd",
fb8c6c41-f497-4307-8556-08f20b43276e,"Hue, Iris",Iris.Hue@amphenol-cbs.com,Member,True,"[{""signInType"":""userPrincipalName"",""issuer"":""amphenolfci.onmicrosoft.com"",""issuerAssignedId"":""Iris.Hue@amphenol-cbs.com""}]","Amphenol High Speed Technology (Nantong) Co., Ltd",
6eba0fe2-5430-442d-bc19-2dc0b204e11f,"Hui, George",George.Hui@amphenol-cbs.com,Member,True,"[{""signInType"":""userPrincipalName"",""issuer"":""amphenolfci.onmicrosoft.com"",""issuerAssignedId"":""George.Hui@amphenol-cbs.com""}]","Amphenol High Speed Technology (Nantong) Co., Ltd",
cc42056c-0ddc-454e-be2a-ee2c2b0e1d30,"Hung, Ethan",Ethan.Hung@amphenol-cbs.com,Member,True,"[{""signInType"":""userPrincipalName"",""issuer"":""amphenolfci.onmicrosoft.com"",""issuerAssignedId"":""Ethan.Hung@amphenol-cbs.com""}]","Amphenol High Speed Technology (Nantong) Co., Ltd",
b6bff207-7c37-490e-a08a-c6c9bcfd56a1,"Huong, Clara",Clara.Huong@amphenol-cbs.com,Member,True,"[{""signInType"":""userPrincipalName"",""issuer"":""amphenolfci.onmicrosoft.com"",""issuerAssignedId"":""Clara.Huong@amphenol-cbs.com""}]","Amphenol High Speed Technology (Nantong) Co., Ltd",
0b9ff90c-bc4f-4ed8-9428-33bbff5d70c6,"Huong, Dusk",Dusk.Huong@amphenol-cbs.com,Member,True,"[{""signInType"":""userPrincipalName"",""issuer"":""amphenolfci.onmicrosoft.com"",""issuerAssignedId"":""Dusk.Huong@amphenol-cbs.com""}]","Amphenol High Speed Technology (Nantong) Co., Ltd",
4bb10e82-edc5-47bf-9d9b-bb71f21d3655,"Huong, Gemi",Gemi.Huong@amphenol-cbs.com,Member,True,"[{""signInType"":""userPrincipalName"",""issuer"":""amphenolfci.onmicrosoft.com"",""issuerAssignedId"":""Gemi.Huong@amphenol-cbs.com""}]","Amphenol High Speed Technology (Nantong) Co., Ltd",
c055224f-c7f0-41ff-97a4-ff5d77242a47,"Huong, Helen",Helen.Huong@amphenol-cbs.com,Member,True,"[{""signInType"":""userPrincipalName"",""issuer"":""amphenolfci.onmicrosoft.com"",""issuerAssignedId"":""Helen.Huong@amphenol-cbs.com""}]","Amphenol High Speed Technology (Nantong) Co., Ltd",
053b4bd5-939b-4225-8c6b-2ee12d457bc8,"Huong, Rose",Rose.Huong@amphenol-cbs.com,Member,True,"[{""signInType"":""userPrincipalName"",""issuer"":""amphenolfci.onmicrosoft.com"",""issuerAssignedId"":""Rose.Huong@amphenol-cbs.com""}]","Amphenol High Speed Technology (Nantong) Co., Ltd",
030efef3-c870-41ba-a7ab-0056f7595e25,"Huy, Michael",Michael.Huy@amphenol-cbs.com,Member,True,"[{""signInType"":""userPrincipalName"",""issuer"":""amphenolfci.onmicrosoft.com"",""issuerAssignedId"":""Michael.Huy@amphenol-cbs.com""}]","Amphenol High Speed Technology (Nantong) Co., Ltd",
231571e4-83a5-44f4-bed2-1e927e1061f9,"Huyen, Anny",Anny.Huyen@amphenol-cbs.com,Member,True,"[{""signInType"":""userPrincipalName"",""issuer"":""amphenolfci.onmicrosoft.com"",""issuerAssignedId"":""Anny.Huyen@amphenol-cbs.com""}]","Amphenol High Speed Technology (Nantong) Co., Ltd",
f795f954-7d71-41ed-b7f5-cfe00d8d85eb,"Huyen, Ellie",Ellie.Huyen@amphenol-cbs.com,Member,True,"[{""signInType"":""userPrincipalName"",""issuer"":""amphenolfci.onmicrosoft.com"",""issuerAssignedId"":""Ellie.Huyen@amphenol-cbs.com""}]","Amphenol High Speed Technology (Nantong) Co., Ltd",
b4d8b383-0035-4d80-87cf-5ffc9e7305df,"Huyen, Helen",Helen.Huyen@amphenol-cbs.com,Member,True,"[{""signInType"":""userPrincipalName"",""issuer"":""amphenolfci.onmicrosoft.com"",""issuerAssignedId"":""Helen.Huyen@amphenol-cbs.com""}]","Amphenol High Speed Technology (Nantong) Co., Ltd",
526da996-801c-4801-bed6-de63f8cea4e2,"Huyen, Maya",Maya.Huyen@amphenol-cbs.com,Member,True,"[{""signInType"":""userPrincipalName"",""issuer"":""amphenolfci.onmicrosoft.com"",""issuerAssignedId"":""Maya.Huyen@amphenol-cbs.com""}]","Amphenol High Speed Technology (Nantong) Co., Ltd",
3898ec3c-5da5-4dfb-9397-6497c9573785,"Jdy, Seven",Seven.Jdy@amphenol-cbs.com,Member,True,"[{""signInType"":""userPrincipalName"",""issuer"":""amphenolfci.onmicrosoft.com"",""issuerAssignedId"":""Seven.Jdy@amphenol-cbs.com""}]","Amphenol High Speed Technology (Nantong) Co., Ltd",
6dc59c95-1f31-476a-9019-36783f5f9804,"Jia, Seven",Seven.Jia@amphenol-cbs.com,Member,True,"[{""signInType"":""userPrincipalName"",""issuer"":""amphenolfci.onmicrosoft.com"",""issuerAssignedId"":""Seven.Jia@amphenol-cbs.com""}]","Amphenol High Speed Technology (Nantong) Co., Ltd",
9cb43c50-963f-475e-ae09-97f3117a20bc,"Jilu, Sun",Sun.Jilu@amphenol-cbs.com,Member,True,"[{""signInType"":""userPrincipalName"",""issuer"":""amphenolfci.onmicrosoft.com"",""issuerAssignedId"":""Sun.Jilu@amphenol-cbs.com""}]","Amphenol High Speed Technology (Nantong) Co., Ltd",
e7fdcb44-cc82-4cde-a666-0ff15738de94,"Jin, Gio",Gio.Jin@amphenol-cbs.com,Member,True,"[{""signInType"":""userPrincipalName"",""issuer"":""amphenolfci.onmicrosoft.com"",""issuerAssignedId"":""Gio.Jin@amphenol-cbs.com""}]","Amphenol High Speed Technology (Nantong) Co., Ltd",
a92e4d5e-e574-43b7-adeb-fdbc9e538851,"Khai, Kai",Kai.Khai@amphenol-cbs.com,Member,True,"[{""signInType"":""userPrincipalName"",""issuer"":""amphenolfci.onmicrosoft.com"",""issuerAssignedId"":""Kai.Khai@amphenol-cbs.com""}]","Amphenol High Speed Technology (Nantong) Co., Ltd",
fb964e63-c5f1-4057-8d14-805539225219,"Khai, Tom",Tom.Khai@amphenol-cbs.com,Member,True,"[{""signInType"":""userPrincipalName"",""issuer"":""amphenolfci.onmicrosoft.com"",""issuerAssignedId"":""Tom.Khai@amphenol-cbs.com""}]","Amphenol High Speed Technology (Nantong) Co., Ltd",
39219f1e-6e17-4a61-8c1f-a27b00fbcaf7,"Khanh, Kevin",Kevin.Khanh@amphenol-cbs.com,Member,True,"[{""signInType"":""userPrincipalName"",""issuer"":""amphenolfci.onmicrosoft.com"",""issuerAssignedId"":""Kevin.Khanh@amphenol-cbs.com""}]","Amphenol High Speed Technology (Nantong) Co., Ltd",
e1bf33dc-0eca-4faf-96ba-ad8c089b78d0,"Khanh, Mayan",Mayan.Khanh@amphenol-cbs.com,Member,True,"[{""signInType"":""userPrincipalName"",""issuer"":""amphenolfci.onmicrosoft.com"",""issuerAssignedId"":""Mayan.Khanh@amphenol-cbs.com""}]","Amphenol High Speed Technology (Nantong) Co., Ltd",
24bdb6c0-054a-4cb2-b6fb-363f8da2f056,"Khanh, Tommy",Tommy.Khanh@amphenol-cbs.com,Member,True,"[{""signInType"":""userPrincipalName"",""issuer"":""amphenolfci.onmicrosoft.com"",""issuerAssignedId"":""Tommy.Khanh@amphenol-cbs.com""}]","Amphenol High Speed Technology (Nantong) Co., Ltd",
f12a1cff-611e-46e7-b67e-ec49e8ca45b7,"Lam, Lewis",Lewis.Lam@amphenol-cbs.com,Member,True,"[{""signInType"":""userPrincipalName"",""issuer"":""amphenolfci.onmicrosoft.com"",""issuerAssignedId"":""Lewis.Lam@amphenol-cbs.com""}]","Amphenol High Speed Technology (Nantong) Co., Ltd",
f78cc08c-f978-4f8f-b5c5-a4d26bcf7072,"Len, Mike",Mike.Len@amphenol-cbs.com,Member,True,"[{""signInType"":""userPrincipalName"",""issuer"":""amphenolfci.onmicrosoft.com"",""issuerAssignedId"":""Mike.Len@amphenol-cbs.com""}]","Amphenol High Speed Technology (Nantong) Co., Ltd",
d2cea8c9-7570-42ba-8db4-e9fa704cfd36,"Li, Jack(TTH)",JackTTH.Li@amphenol-cbs.com,Member,True,"[{""signInType"":""userPrincipalName"",""issuer"":""amphenolfci.onmicrosoft.com"",""issuerAssignedId"":""JackTTH.Li@amphenol-cbs.com""}]","Amphenol High Speed Technology (Nantong) Co., Ltd",
5f050837-ea91-49f9-bed8-11f5c2ae96c1,"Li, Jerry(tth)",Jerrytth.Li@amphenol-cbs.com,Member,True,"[{""signInType"":""userPrincipalName"",""issuer"":""amphenolfci.onmicrosoft.com"",""issuerAssignedId"":""Jerrytth.Li@amphenol-cbs.com""}]","Amphenol High Speed Technology (Nantong) Co., Ltd",
168a97ef-0a08-47a3-b6fc-3c1794eaeecf,"Li, Moye",Moye.Li@amphenol-cbs.com,Member,True,"[{""signInType"":""userPrincipalName"",""issuer"":""amphenolfci.onmicrosoft.com"",""issuerAssignedId"":""Moye.Li@amphenol-cbs.com""}]","Amphenol High Speed Technology (Nantong) Co., Ltd",
bae48cf3-967b-4352-ac8a-70d69fb3c7bb,"Li, Zhiwen",Zhiwen.Li@amphenol-cbs.com,Member,True,"[{""signInType"":""userPrincipalName"",""issuer"":""amphenolfci.onmicrosoft.com"",""issuerAssignedId"":""Zhiwen.Li@amphenol-cbs.com""}]","Amphenol High Speed Technology (Nantong) Co., Ltd",
c8fc0236-1d33-4727-8094-7137b6819e93,"Lin, Jackson",Jackson.Lin@amphenol-cbs.com,Member,True,"[{""signInType"":""userPrincipalName"",""issuer"":""amphenolfci.onmicrosoft.com"",""issuerAssignedId"":""Jackson.Lin@amphenol-cbs.com""}]","Amphenol High Speed Technology (Nantong) Co., Ltd",
675c152e-42fe-4528-ba66-3b15910b0800,"Linh, Andrew",Andrew.Linh@amphenol-cbs.com,Member,True,"[{""signInType"":""userPrincipalName"",""issuer"":""amphenolfci.onmicrosoft.com"",""issuerAssignedId"":""Andrew.Linh@amphenol-cbs.com""}]","Amphenol High Speed Technology (Nantong) Co., Ltd",
08e8d497-d682-4138-920d-3d53dc4c2de7,"Linh, Lina",Lina.Linh@amphenol-cbs.com,Member,True,"[{""signInType"":""userPrincipalName"",""issuer"":""amphenolfci.onmicrosoft.com"",""issuerAssignedId"":""Lina.Linh@amphenol-cbs.com""}]","Amphenol High Speed Technology (Nantong) Co., Ltd",
a79ab129-c10b-4dd8-b09e-f81b89155f1f,"Linh, Miley",Miley.Linh@amphenol-cbs.com,Member,True,"[{""signInType"":""userPrincipalName"",""issuer"":""amphenolfci.onmicrosoft.com"",""issuerAssignedId"":""Miley.Linh@amphenol-cbs.com""}]","Amphenol High Speed Technology (Nantong) Co., Ltd",
e1f3aceb-a361-4ce7-a143-5d3f49b76777,"Linh, Myla",Myla.Linh@amphenol-cbs.com,Member,True,"[{""signInType"":""userPrincipalName"",""issuer"":""amphenolfci.onmicrosoft.com"",""issuerAssignedId"":""Myla.Linh@amphenol-cbs.com""}]","Amphenol High Speed Technology (Nantong) Co., Ltd",
5c8fce3a-028b-46fa-8810-feee2987358a,"Liu, Benton",Benton.Liu@amphenol-cbs.com,Member,True,"[{""signInType"":""userPrincipalName"",""issuer"":""amphenolfci.onmicrosoft.com"",""issuerAssignedId"":""Benton.Liu@amphenol-cbs.com""}]","Amphenol High Speed Technology (Nantong) Co., Ltd",
21947aa8-a170-4863-bd51-06de0d1c687c,"Liu, Bob",Bob.Liu@amphenol-cbs.com,Member,True,"[{""signInType"":""userPrincipalName"",""issuer"":""amphenolfci.onmicrosoft.com"",""issuerAssignedId"":""Bob.Liu@amphenol-cbs.com""}]","Amphenol High Speed Technology (Nantong) Co., Ltd",
37f09c98-0eea-4c31-9b0c-119c7a16de50,"Liu, Gavin",Gavin.Liu@amphenol-cbs.com,Member,True,"[{""signInType"":""userPrincipalName"",""issuer"":""amphenolfci.onmicrosoft.com"",""issuerAssignedId"":""Gavin.Liu@amphenol-cbs.com""}]","Amphenol High Speed Technology (Nantong) Co., Ltd",
7bca5287-ba2b-4f8d-a713-adc97f659c62,"Liu, Joe",Joe.Liu@amphenol-cbs.com,Member,True,"[{""signInType"":""userPrincipalName"",""issuer"":""amphenolfci.onmicrosoft.com"",""issuerAssignedId"":""Joe.Liu@amphenol-cbs.com""}]","Amphenol High Speed Technology (Nantong) Co., Ltd",
0ff1a912-d863-4826-adcc-219de3fab82a,"Liu, Kyle(TTH)",KyleTTH.Liu@amphenol-cbs.com,Member,True,"[{""signInType"":""userPrincipalName"",""issuer"":""amphenolfci.onmicrosoft.com"",""issuerAssignedId"":""KyleTTH.Liu@amphenol-cbs.com""}]","Amphenol High Speed Technology (Nantong) Co., Ltd",
3698fbe1-3fb8-4be2-9f1a-14fcbfedb7ea,"Liu, Louis",Louis.Liu@amphenol-cbs.com,Member,True,"[{""signInType"":""userPrincipalName"",""issuer"":""amphenolfci.onmicrosoft.com"",""issuerAssignedId"":""Louis.Liu@amphenol-cbs.com""}]","Amphenol High Speed Technology (Nantong) Co., Ltd",
8973891e-507c-4add-8806-f407f0b4a1a3,"Liu, Sean",Sean.Liu@amphenol-cbs.com,Member,True,"[{""signInType"":""userPrincipalName"",""issuer"":""amphenolfci.onmicrosoft.com"",""issuerAssignedId"":""Sean.Liu@amphenol-cbs.com""}]","Amphenol High Speed Technology (Nantong) Co., Ltd",
33d1a08b-b585-482a-9f55-f9663b1de311,"Liu, Tian",Tian.Liu@amphenol-cbs.com,Member,True,"[{""signInType"":""userPrincipalName"",""issuer"":""amphenolfci.onmicrosoft.com"",""issuerAssignedId"":""Tian.Liu@amphenol-cbs.com""}]","Amphenol High Speed Technology (Nantong) Co., Ltd",
7d5108be-febf-47c0-b7c1-62f3566aff5f,"Loan, Bella",Bella.Loan@amphenol-cbs.com,Member,True,"[{""signInType"":""userPrincipalName"",""issuer"":""amphenolfci.onmicrosoft.com"",""issuerAssignedId"":""Bella.Loan@amphenol-cbs.com""}]","Amphenol High Speed Technology (Nantong) Co., Ltd",
3a6e6a09-4e6b-4f84-a95e-2c9f0db4f545,"Loan, Molly",Molly.Loan@amphenol-cbs.com,Member,True,"[{""signInType"":""userPrincipalName"",""issuer"":""amphenolfci.onmicrosoft.com"",""issuerAssignedId"":""Molly.Loan@amphenol-cbs.com""}]","Amphenol High Speed Technology (Nantong) Co., Ltd",
bfb7aba8-1a42-4692-a95a-615abcb6c304,"Loc, Alex",Alex.Loc@amphenol-cbs.com,Member,True,"[{""signInType"":""userPrincipalName"",""issuer"":""amphenolfci.onmicrosoft.com"",""issuerAssignedId"":""Alex.Loc@amphenol-cbs.com""}]","Amphenol High Speed Technology (Nantong) Co., Ltd",
355de3d8-7e93-4845-8500-272dae9c5563,"Lu, Frank",Frank.Lu@amphenol-cbs.com,Member,True,"[{""signInType"":""userPrincipalName"",""issuer"":""amphenolfci.onmicrosoft.com"",""issuerAssignedId"":""Frank.Lu@amphenol-cbs.com""}]","Amphenol High Speed Technology (Nantong) Co., Ltd",
9f589eb5-377e-47a2-be31-4e911eb70137,"Lu, Xionghui",Xionghui.Lu@amphenol-cbs.com,Member,True,"[{""signInType"":""userPrincipalName"",""issuer"":""amphenolfci.onmicrosoft.com"",""issuerAssignedId"":""Xionghui.Lu@amphenol-cbs.com""}]","Amphenol High Speed Technology (Nantong) Co., Ltd",
2c72a18e-5eec-466e-9ae6-46863d8d3d0b,"Luan, Nathan",Nathan.Luan@amphenol-cbs.com,Member,True,"[{""signInType"":""userPrincipalName"",""issuer"":""amphenolfci.onmicrosoft.com"",""issuerAssignedId"":""Nathan.Luan@amphenol-cbs.com""}]","Amphenol High Speed Technology (Nantong) Co., Ltd",
05f326ca-22b0-4988-a695-87b07826f7b9,"Luc, Mason",Mason.Luc@amphenol-cbs.com,Member,True,"[{""signInType"":""userPrincipalName"",""issuer"":""amphenolfci.onmicrosoft.com"",""issuerAssignedId"":""Mason.Luc@amphenol-cbs.com""}]","Amphenol High Speed Technology (Nantong) Co., Ltd",
ef89c5cf-cf58-47eb-ad06-86168e3dc72b,"Luyen, Dieter",Dieter.Luyen@amphenol-cbs.com,Member,True,"[{""signInType"":""userPrincipalName"",""issuer"":""amphenolfci.onmicrosoft.com"",""issuerAssignedId"":""Dieter.Luyen@amphenol-cbs.com""}]","Amphenol High Speed Technology (Nantong) Co., Ltd",
fa0f414e-c4f1-4d9f-9e58-108aaa3ae447,"Luyen, Lynn",Lynn.Luyen@amphenol-cbs.com,Member,True,"[{""signInType"":""userPrincipalName"",""issuer"":""amphenolfci.onmicrosoft.com"",""issuerAssignedId"":""Lynn.Luyen@amphenol-cbs.com""}]","Amphenol High Speed Technology (Nantong) Co., Ltd",
82de3a82-75aa-4056-bdd1-bcaa68fbfe58,"Ma, Mag",Mag.Ma@amphenol-cbs.com,Member,True,"[{""signInType"":""userPrincipalName"",""issuer"":""amphenolfci.onmicrosoft.com"",""issuerAssignedId"":""Mag.Ma@amphenol-cbs.com""}]","Amphenol High Speed Technology (Nantong) Co., Ltd",
e3f4edf2-d6e1-4c3c-879b-a60d573b90b6,"Ma, San",San.Ma@amphenol-cbs.com,Member,True,"[{""signInType"":""userPrincipalName"",""issuer"":""amphenolfci.onmicrosoft.com"",""issuerAssignedId"":""San.Ma@amphenol-cbs.com""}]","Amphenol High Speed Technology (Nantong) Co., Ltd",
ac768269-f8c1-4d6a-850f-73b644d11f5b,"Mai, Gina",Gina.Mai@amphenol-cbs.com,Member,True,"[{""signInType"":""userPrincipalName"",""issuer"":""amphenolfci.onmicrosoft.com"",""issuerAssignedId"":""Gina.Mai@amphenol-cbs.com""}]","Amphenol High Speed Technology (Nantong) Co., Ltd",
7aade9d7-6ebd-4d1a-a265-5d739f22470e,"Mai, Larva",Larva.Mai@amphenol-cbs.com,Member,True,"[{""signInType"":""userPrincipalName"",""issuer"":""amphenolfci.onmicrosoft.com"",""issuerAssignedId"":""Larva.Mai@amphenol-cbs.com""}]","Amphenol High Speed Technology (Nantong) Co., Ltd",
8dee8fa5-d107-4b67-a629-17eb6129bb3c,"Mai, Mei",Mei.Mai@amphenol-cbs.com,Member,True,"[{""signInType"":""userPrincipalName"",""issuer"":""amphenolfci.onmicrosoft.com"",""issuerAssignedId"":""Mei.Mai@amphenol-cbs.com""}]","Amphenol High Speed Technology (Nantong) Co., Ltd",
d3e03803-e633-463c-99e5-5d3887c5c738,"Mai, Mia",Mia.Mai@amphenol-cbs.com,Member,True,"[{""signInType"":""userPrincipalName"",""issuer"":""amphenolfci.onmicrosoft.com"",""issuerAssignedId"":""Mia.Mai@amphenol-cbs.com""}]","Amphenol High Speed Technology (Nantong) Co., Ltd",
f80f466e-aa61-4bf4-8e9c-bc62324ae32e,"Minh, Lucas",Lucas.Minh@amphenol-cbs.com,Member,True,"[{""signInType"":""userPrincipalName"",""issuer"":""amphenolfci.onmicrosoft.com"",""issuerAssignedId"":""Lucas.Minh@amphenol-cbs.com""}]","Amphenol High Speed Technology (Nantong) Co., Ltd",
6846353a-2d35-4fa0-bc97-f70276941a06,"Minh, Mia",Mia.Minh@amphenol-cbs.com,Member,True,"[{""signInType"":""userPrincipalName"",""issuer"":""amphenolfci.onmicrosoft.com"",""issuerAssignedId"":""Mia.Minh@amphenol-cbs.com""}]","Amphenol High Speed Technology (Nantong) Co., Ltd",
d7c76ec1-fdc8-4aa0-86b0-0005ebd59159,"Nam, Felix",Felix.Nam@amphenol-cbs.com,Member,True,"[{""signInType"":""userPrincipalName"",""issuer"":""amphenolfci.onmicrosoft.com"",""issuerAssignedId"":""Felix.Nam@amphenol-cbs.com""}]","Amphenol High Speed Technology (Nantong) Co., Ltd",
5c958c71-887c-4364-827b-37a9e9f1dfeb,"Nam, James",James.Nam@amphenol-cbs.com,Member,True,"[{""signInType"":""userPrincipalName"",""issuer"":""amphenolfci.onmicrosoft.com"",""issuerAssignedId"":""James.Nam@amphenol-cbs.com""}]","Amphenol High Speed Technology (Nantong) Co., Ltd",
fa5d2eec-8b91-4aa0-b2c9-97a42005c249,"Nam, Nathan",Nathan.Nam@amphenol-cbs.com,Member,True,"[{""signInType"":""userPrincipalName"",""issuer"":""amphenolfci.onmicrosoft.com"",""issuerAssignedId"":""Nathan.Nam@amphenol-cbs.com""}]","Amphenol High Speed Technology (Nantong) Co., Ltd",
432cf44c-eb5c-4ebc-a3e8-e105020d8cb2,"Nang, Jack",Jack.Nang@amphenol-cbs.com,Member,True,"[{""signInType"":""userPrincipalName"",""issuer"":""amphenolfci.onmicrosoft.com"",""issuerAssignedId"":""Jack.Nang@amphenol-cbs.com""}]","Amphenol High Speed Technology (Nantong) Co., Ltd",
27ff996a-0788-4358-9221-926b5422a1ec,"Nga, Anna",Anna.Nga@amphenol-cbs.com,Member,True,"[{""signInType"":""userPrincipalName"",""issuer"":""amphenolfci.onmicrosoft.com"",""issuerAssignedId"":""Anna.Nga@amphenol-cbs.com""}]","Amphenol High Speed Technology (Nantong) Co., Ltd",
bc7a55e2-5b79-4715-8e03-df16f4f24cbd,"Ngan, Jennifer",Jennifer.Ngan@amphenol-cbs.com,Member,True,"[{""signInType"":""userPrincipalName"",""issuer"":""amphenolfci.onmicrosoft.com"",""issuerAssignedId"":""Jennifer.Ngan@amphenol-cbs.com""}]","Amphenol High Speed Technology (Nantong) Co., Ltd",
28f35263-076d-4ae9-91c3-2db3eee31edc,"Ngan, Nina",Nina.Ngan@amphenol-cbs.com,Member,True,"[{""signInType"":""userPrincipalName"",""issuer"":""amphenolfci.onmicrosoft.com"",""issuerAssignedId"":""Nina.Ngan@amphenol-cbs.com""}]","Amphenol High Speed Technology (Nantong) Co., Ltd",
f565fbe3-e728-4c43-98dc-b2665954d04b,"Ngoc, Destina",Destina.Ngoc@amphenol-cbs.com,Member,True,"[{""signInType"":""userPrincipalName"",""issuer"":""amphenolfci.onmicrosoft.com"",""issuerAssignedId"":""Destina.Ngoc@amphenol-cbs.com""}]","Amphenol High Speed Technology (Nantong) Co., Ltd",
a2379158-45c5-4950-8336-20e4cf42063a,"Ngoc, Jenny",Jenny.Ngoc@amphenol-cbs.com,Member,True,"[{""signInType"":""userPrincipalName"",""issuer"":""amphenolfci.onmicrosoft.com"",""issuerAssignedId"":""Jenny.Ngoc@amphenol-cbs.com""}]","Amphenol High Speed Technology (Nantong) Co., Ltd",
50d858b9-839a-4b16-aef5-5d9abfc73fcb,"Ngoc, Justin",Justin.Ngoc@amphenol-cbs.com,Member,True,"[{""signInType"":""userPrincipalName"",""issuer"":""amphenolfci.onmicrosoft.com"",""issuerAssignedId"":""Justin.Ngoc@amphenol-cbs.com""}]","Amphenol High Speed Technology (Nantong) Co., Ltd",
2ac3db74-d6f5-4d55-a7f9-6e471f3c1c86,"Ngoc, Matilda",Matilda.Ngoc@amphenol-cbs.com,Member,True,"[{""signInType"":""userPrincipalName"",""issuer"":""amphenolfci.onmicrosoft.com"",""issuerAssignedId"":""Matilda.Ngoc@amphenol-cbs.com""}]","Amphenol High Speed Technology (Nantong) Co., Ltd",
6c52843c-dda3-4425-8dba-57bab1ecc6b1,"Nguyen, Ella",Ella.Nguyen@amphenol-cbs.com,Member,True,"[{""signInType"":""userPrincipalName"",""issuer"":""amphenolfci.onmicrosoft.com"",""issuerAssignedId"":""Ella.Nguyen@amphenol-cbs.com""}]","Amphenol High Speed Technology (Nantong) Co., Ltd",
fc661c4b-779a-4735-95b3-0fafeacf224e,"Nguyen, Lucky",Lucky.Nguyen@amphenol-cbs.com,Member,True,"[{""signInType"":""userPrincipalName"",""issuer"":""amphenolfci.onmicrosoft.com"",""issuerAssignedId"":""Lucky.Nguyen@amphenol-cbs.com""}]","Amphenol High Speed Technology (Nantong) Co., Ltd",
151a7763-8b9f-4327-bc9c-f12ca7432da9,"Nguyet, YueYue",YueYue.Nguyet@amphenol-cbs.com,Member,True,"[{""signInType"":""userPrincipalName"",""issuer"":""amphenolfci.onmicrosoft.com"",""issuerAssignedId"":""YueYue.Nguyet@amphenol-cbs.com""}]","Amphenol High Speed Technology (Nantong) Co., Ltd",
e7db4744-5ce3-4b91-a3da-07e28e30cf1d,"Nhai, Jasmine",Jasmine.Nhai@amphenol-cbs.com,Member,True,"[{""signInType"":""userPrincipalName"",""issuer"":""amphenolfci.onmicrosoft.com"",""issuerAssignedId"":""Jasmine.Nhai@amphenol-cbs.com""}]","Amphenol High Speed Technology (Nantong) Co., Ltd",
115f27df-f1a8-4db0-b9e8-1491b6ae1a21,"Nhung, Amy",Amy.Nhung@amphenol-cbs.com,Member,True,"[{""signInType"":""userPrincipalName"",""issuer"":""amphenolfci.onmicrosoft.com"",""issuerAssignedId"":""Amy.Nhung@amphenol-cbs.com""}]","Amphenol High Speed Technology (Nantong) Co., Ltd",
1e1015e2-d5a3-4b5c-aef4-dc7076036e5f,"Nhung, Ella",Ella.Nhung@amphenol-cbs.com,Member,True,"[{""signInType"":""userPrincipalName"",""issuer"":""amphenolfci.onmicrosoft.com"",""issuerAssignedId"":""Ella.Nhung@amphenol-cbs.com""}]","Amphenol High Speed Technology (Nantong) Co., Ltd",
4fc94f31-1f07-44a9-be2b-8390cf1ec016,"Nhung, Maya",Maya.Nhung@amphenol-cbs.com,Member,True,"[{""signInType"":""userPrincipalName"",""issuer"":""amphenolfci.onmicrosoft.com"",""issuerAssignedId"":""Maya.Nhung@amphenol-cbs.com""}]","Amphenol High Speed Technology (Nantong) Co., Ltd",
0669c0e5-3340-4ec9-a73e-fe4082f398f9,"Nhung, Ready",Ready.Nhung@amphenol-cbs.com,Member,True,"[{""signInType"":""userPrincipalName"",""issuer"":""amphenolfci.onmicrosoft.com"",""issuerAssignedId"":""Ready.Nhung@amphenol-cbs.com""}]","Amphenol High Speed Technology (Nantong) Co., Ltd",
c96251eb-5c7c-44e1-9be1-14c79c81ccc8,"Ni, Jerry",Jerry.Ni@amphenol-cbs.com,Member,True,"[{""signInType"":""userPrincipalName"",""issuer"":""amphenolfci.onmicrosoft.com"",""issuerAssignedId"":""Jerry.Ni@amphenol-cbs.com""}]","Amphenol High Speed Technology (Nantong) Co., Ltd",
7867fdfa-a38a-4651-abb0-328940f7f352,"Niem, Jacky",Jacky.Niem@amphenol-cbs.com,Member,True,"[{""signInType"":""userPrincipalName"",""issuer"":""amphenolfci.onmicrosoft.com"",""issuerAssignedId"":""Jacky.Niem@amphenol-cbs.com""}]","Amphenol High Speed Technology (Nantong) Co., Ltd",
1f519e06-dfb6-40e0-8695-6f6a415311eb,"Ning, Norman",Norman.Ning@amphenol-cbs.com,Member,True,"[{""signInType"":""userPrincipalName"",""issuer"":""amphenolfci.onmicrosoft.com"",""issuerAssignedId"":""Norman.Ning@amphenol-cbs.com""}]","Amphenol High Speed Technology (Nantong) Co., Ltd",
a1c06e2f-d173-4ded-9179-caf363fb3e63,"Pen, Bowen",Bowen.Pen@amphenol-cbs.com,Member,True,"[{""signInType"":""userPrincipalName"",""issuer"":""amphenolfci.onmicrosoft.com"",""issuerAssignedId"":""Bowen.Pen@amphenol-cbs.com""}]","Amphenol High Speed Technology (Nantong) Co., Ltd",
0c1d61a3-f305-46d3-910d-7bddeaec4df3,"Peng, Bowen",Bowen.Peng@amphenol-cbs.com,Member,True,"[{""signInType"":""userPrincipalName"",""issuer"":""amphenolfci.onmicrosoft.com"",""issuerAssignedId"":""Bowen.Peng@amphenol-cbs.com""}]","Amphenol High Speed Technology (Nantong) Co., Ltd",
2645374e-4849-47a3-920d-8fa37db908a9,"Peng, Shawn",Shawn.Peng@amphenol-cbs.com,Member,True,"[{""signInType"":""userPrincipalName"",""issuer"":""amphenolfci.onmicrosoft.com"",""issuerAssignedId"":""Shawn.Peng@amphenol-cbs.com""}]","Amphenol High Speed Technology (Nantong) Co., Ltd",
62f20bf6-a1ba-42e4-917d-aeab24de779e,"Phong, Levi",Levi.Phong@amphenol-cbs.com,Member,True,"[{""signInType"":""userPrincipalName"",""issuer"":""amphenolfci.onmicrosoft.com"",""issuerAssignedId"":""Levi.Phong@amphenol-cbs.com""}]","Amphenol High Speed Technology (Nantong) Co., Ltd",
b73f68d3-0737-4e48-8f42-e497350f04cf,"Phu, Jack",Jack.Phu@amphenol-cbs.com,Member,True,"[{""signInType"":""userPrincipalName"",""issuer"":""amphenolfci.onmicrosoft.com"",""issuerAssignedId"":""Jack.Phu@amphenol-cbs.com""}]","Amphenol High Speed Technology (Nantong) Co., Ltd",
83532cab-5679-4f31-bebc-65c599104b86,"Phuong, Emma",Emma.Phuong@amphenol-cbs.com,Member,True,"[{""signInType"":""userPrincipalName"",""issuer"":""amphenolfci.onmicrosoft.com"",""issuerAssignedId"":""Emma.Phuong@amphenol-cbs.com""}]","Amphenol High Speed Technology (Nantong) Co., Ltd",
22db8eac-ecef-4c9a-9511-d338960c906c,"Phuong, Ginny",Ginny.Phuong@amphenol-cbs.com,Member,True,"[{""signInType"":""userPrincipalName"",""issuer"":""amphenolfci.onmicrosoft.com"",""issuerAssignedId"":""Ginny.Phuong@amphenol-cbs.com""}]","Amphenol High Speed Technology (Nantong) Co., Ltd",
dc1b31d6-ca29-4209-b091-338ada8721b2,"Phuong, Hillary",Hillary.Phuong@amphenol-cbs.com,Member,True,"[{""signInType"":""userPrincipalName"",""issuer"":""amphenolfci.onmicrosoft.com"",""issuerAssignedId"":""Hillary.Phuong@amphenol-cbs.com""}]","Amphenol High Speed Technology (Nantong) Co., Ltd",
88c68df1-5e2e-4be5-a581-2b58683edee5,"Phuong, Phoenix",Phoenix.Phuong@amphenol-cbs.com,Member,True,"[{""signInType"":""userPrincipalName"",""issuer"":""amphenolfci.onmicrosoft.com"",""issuerAssignedId"":""Phoenix.Phuong@amphenol-cbs.com""}]","Amphenol High Speed Technology (Nantong) Co., Ltd",
05374a02-286b-4662-9d30-2b5f7e484b93,"Phuong, Serena",Serena.Phuong@amphenol-cbs.com,Member,True,"[{""signInType"":""userPrincipalName"",""issuer"":""amphenolfci.onmicrosoft.com"",""issuerAssignedId"":""Serena.Phuong@amphenol-cbs.com""}]","Amphenol High Speed Technology (Nantong) Co., Ltd",
25a84a3d-f11c-4599-80ba-2a1f86e68ca2,"Qin, Ethan",Ethan.Qin@amphenol-cbs.com,Member,True,"[{""signInType"":""userPrincipalName"",""issuer"":""amphenolfci.onmicrosoft.com"",""issuerAssignedId"":""Ethan.Qin@amphenol-cbs.com""}]","Amphenol High Speed Technology (Nantong) Co., Ltd",
be720f14-339e-4c61-b6a3-c617b2695161,"Qin, Una",Una.Qin@amphenol-cbs.com,Member,True,"[{""signInType"":""userPrincipalName"",""issuer"":""amphenolfci.onmicrosoft.com"",""issuerAssignedId"":""Una.Qin@amphenol-cbs.com""}]","Amphenol High Speed Technology (Nantong) Co., Ltd",
dfcc5e23-c652-48c0-a111-eb63f325ceed,"Qin, Walker",Walker.Qin@amphenol-cbs.com,Member,True,"[{""signInType"":""userPrincipalName"",""issuer"":""amphenolfci.onmicrosoft.com"",""issuerAssignedId"":""Walker.Qin@amphenol-cbs.com""}]","Amphenol High Speed Technology (Nantong) Co., Ltd",
b1cbbad0-3cf8-413e-a0b3-57a16e75d627,"Qu, Gerry",Gerry.Qu@amphenol-cbs.com,Member,True,"[{""signInType"":""userPrincipalName"",""issuer"":""amphenolfci.onmicrosoft.com"",""issuerAssignedId"":""Gerry.Qu@amphenol-cbs.com""}]","Amphenol High Speed Technology (Nantong) Co., Ltd",
ebcfbf6c-8054-45c0-a2d2-3a913de942bf,"Quan, John",John.Quan@amphenol-cbs.com,Member,True,"[{""signInType"":""userPrincipalName"",""issuer"":""amphenolfci.onmicrosoft.com"",""issuerAssignedId"":""John.Quan@amphenol-cbs.com""}]","Amphenol High Speed Technology (Nantong) Co., Ltd",
3b60b8a1-9b22-45dd-86a5-b06884107906,"Quan, Kevin",Kevin.Quan@amphenol-cbs.com,Member,True,"[{""signInType"":""userPrincipalName"",""issuer"":""amphenolfci.onmicrosoft.com"",""issuerAssignedId"":""Kevin.Quan@amphenol-cbs.com""}]","Amphenol High Speed Technology (Nantong) Co., Ltd",
dd2ea4ae-2463-4b7f-9592-dc2f809f5ed5,"Quyen, Cara",Cara.Quyen@amphenol-cbs.com,Member,True,"[{""signInType"":""userPrincipalName"",""issuer"":""amphenolfci.onmicrosoft.com"",""issuerAssignedId"":""Cara.Quyen@amphenol-cbs.com""}]","Amphenol High Speed Technology (Nantong) Co., Ltd",
94cce1e8-56c7-4b0b-ac6a-952e259794ab,"Quyen, Justin",Justin.Quyen@amphenol-cbs.com,Member,True,"[{""signInType"":""userPrincipalName"",""issuer"":""amphenolfci.onmicrosoft.com"",""issuerAssignedId"":""Justin.Quyen@amphenol-cbs.com""}]","Amphenol High Speed Technology (Nantong) Co., Ltd",
ab1105ed-f130-4c19-9eb6-745f6126f693,"Quyen, Maya",Maya.Quyen@amphenol-cbs.com,Member,True,"[{""signInType"":""userPrincipalName"",""issuer"":""amphenolfci.onmicrosoft.com"",""issuerAssignedId"":""Maya.Quyen@amphenol-cbs.com""}]","Amphenol High Speed Technology (Nantong) Co., Ltd",
5b76af60-fc3b-4ecf-a13b-74bb20177d6f,"Quynh, Juni",Juni.Quynh@amphenol-cbs.com,Member,True,"[{""signInType"":""userPrincipalName"",""issuer"":""amphenolfci.onmicrosoft.com"",""issuerAssignedId"":""Juni.Quynh@amphenol-cbs.com""}]","Amphenol High Speed Technology (Nantong) Co., Ltd",
e41d9d0a-2b52-42cc-9fbb-10bc61872238,"Ren, Harry",Harry.Ren@amphenol-cbs.com,Member,True,"[{""signInType"":""userPrincipalName"",""issuer"":""amphenolfci.onmicrosoft.com"",""issuerAssignedId"":""Harry.Ren@amphenol-cbs.com""}]","Amphenol High Speed Technology (Nantong) Co., Ltd",
ed5729e3-e0e4-46e3-b001-f76b60cf435c,"Rik, Zhou",Zhou.Rik@amphenol-cbs.com,Member,True,"[{""signInType"":""userPrincipalName"",""issuer"":""amphenolfci.onmicrosoft.com"",""issuerAssignedId"":""Zhou.Rik@amphenol-cbs.com""}]","Amphenol High Speed Technology (Nantong) Co., Ltd",
1fe98c77-460b-4816-b02a-2c0383e295ca,"Sao, Star",Star.Sao@amphenol-cbs.com,Member,True,"[{""signInType"":""userPrincipalName"",""issuer"":""amphenolfci.onmicrosoft.com"",""issuerAssignedId"":""Star.Sao@amphenol-cbs.com""}]","Amphenol High Speed Technology (Nantong) Co., Ltd",
fc87fecf-cddc-4f6e-bf0c-1057c13210e4,"ShaoLin, Li",Li.ShaoLin@amphenol-cbs.com,Member,True,"[{""signInType"":""userPrincipalName"",""issuer"":""amphenolfci.onmicrosoft.com"",""issuerAssignedId"":""Li.ShaoLin@amphenol-cbs.com""}]","Amphenol High Speed Technology (Nantong) Co., Ltd",
9d602e24-c56c-41ef-ac19-25a8c8f9fb95,"Shen, Vincy",Vincy.Shen@amphenol-cbs.com,Member,True,"[{""signInType"":""userPrincipalName"",""issuer"":""amphenolfci.onmicrosoft.com"",""issuerAssignedId"":""Vincy.Shen@amphenol-cbs.com""}]","Amphenol High Speed Technology (Nantong) Co., Ltd",
7b37e14a-504f-4ad1-b640-a1f444ceb107,"Shuangchen, Li",Li.Shuangchen@amphenol-cbs.com,Member,True,"[{""signInType"":""userPrincipalName"",""issuer"":""amphenolfci.onmicrosoft.com"",""issuerAssignedId"":""Li.Shuangchen@amphenol-cbs.com""}]","Amphenol High Speed Technology (Nantong) Co., Ltd",
b6f85e70-fca4-4c7f-8878-5751cf364351,"Sim, Sofia",Sofia.Sim@amphenol-cbs.com,Member,True,"[{""signInType"":""userPrincipalName"",""issuer"":""amphenolfci.onmicrosoft.com"",""issuerAssignedId"":""Sofia.Sim@amphenol-cbs.com""}]","Amphenol High Speed Technology (Nantong) Co., Ltd",
19b5a58f-563b-4fbd-a556-ad26e4af87c5,"Soi, Jack",Jack.Soi@amphenol-cbs.com,Member,True,"[{""signInType"":""userPrincipalName"",""issuer"":""amphenolfci.onmicrosoft.com"",""issuerAssignedId"":""Jack.Soi@amphenol-cbs.com""}]","Amphenol High Speed Technology (Nantong) Co., Ltd",
37d90b4c-3b69-4bcc-8207-aa8cb8517f06,"Song, Gavin",Gavin.Song@amphenol-cbs.com,Member,True,"[{""signInType"":""userPrincipalName"",""issuer"":""amphenolfci.onmicrosoft.com"",""issuerAssignedId"":""Gavin.Song@amphenol-cbs.com""}]","Amphenol High Speed Technology (Nantong) Co., Ltd",
15941cb5-c5ca-4a74-80af-226b028de1d0,"Sun, Jace",Jace.Sun@amphenol-cbs.com,Member,True,"[{""signInType"":""userPrincipalName"",""issuer"":""amphenolfci.onmicrosoft.com"",""issuerAssignedId"":""Jace.Sun@amphenol-cbs.com""}]","Amphenol High Speed Technology (Nantong) Co., Ltd",
597fa3be-d8de-4000-9dd7-d9b5969eff39,"Sun, Mage",Mage.Sun@amphenol-cbs.com,Member,True,"[{""signInType"":""userPrincipalName"",""issuer"":""amphenolfci.onmicrosoft.com"",""issuerAssignedId"":""Mage.Sun@amphenol-cbs.com""}]","Amphenol High Speed Technology (Nantong) Co., Ltd",
66f4ad4e-50d9-4a96-b0f6-3360dfc9ee90,"Tam, Tracy",Tracy.Tam@amphenol-cbs.com,Member,True,"[{""signInType"":""userPrincipalName"",""issuer"":""amphenolfci.onmicrosoft.com"",""issuerAssignedId"":""Tracy.Tam@amphenol-cbs.com""}]","Amphenol High Speed Technology (Nantong) Co., Ltd",
324f464f-ebed-4d3e-8d2a-acc202c2f290,"Tan, Neo",Neo.Tan@amphenol-cbs.com,Member,True,"[{""signInType"":""userPrincipalName"",""issuer"":""amphenolfci.onmicrosoft.com"",""issuerAssignedId"":""Neo.Tan@amphenol-cbs.com""}]","Amphenol High Speed Technology (Nantong) Co., Ltd",
a9326919-ec40-48d6-92f9-bbe96fe0a815,"Tham, Mina",Mina.Tham@amphenol-cbs.com,Member,True,"[{""signInType"":""userPrincipalName"",""issuer"":""amphenolfci.onmicrosoft.com"",""issuerAssignedId"":""Mina.Tham@amphenol-cbs.com""}]","Amphenol High Speed Technology (Nantong) Co., Ltd",
b56587a2-520a-420b-a8f8-dcffe2524fa7,"Tham, Miranda",Miranda.Tham@amphenol-cbs.com,Member,True,"[{""signInType"":""userPrincipalName"",""issuer"":""amphenolfci.onmicrosoft.com"",""issuerAssignedId"":""Miranda.Tham@amphenol-cbs.com""}]","Amphenol High Speed Technology (Nantong) Co., Ltd",
b52df6bf-4c80-4b17-a759-48d0435a8a5b,"Thanh, Nala",Nala.Thanh@amphenol-cbs.com,Member,True,"[{""signInType"":""userPrincipalName"",""issuer"":""amphenolfci.onmicrosoft.com"",""issuerAssignedId"":""Nala.Thanh@amphenol-cbs.com""}]","Amphenol High Speed Technology (Nantong) Co., Ltd",
3807051f-e824-4b82-a2ee-f860dc64ec89,"Thao, Iris",Iris.Thao@amphenol-cbs.com,Member,True,"[{""signInType"":""userPrincipalName"",""issuer"":""amphenolfci.onmicrosoft.com"",""issuerAssignedId"":""Iris.Thao@amphenol-cbs.com""}]","Amphenol High Speed Technology (Nantong) Co., Ltd",
3b4a3607-2252-4182-85da-e37d2662b34a,"Thao, Joy",Joy.Thao@amphenol-cbs.com,Member,True,"[{""signInType"":""userPrincipalName"",""issuer"":""amphenolfci.onmicrosoft.com"",""issuerAssignedId"":""Joy.Thao@amphenol-cbs.com""}]","Amphenol High Speed Technology (Nantong) Co., Ltd",
ebe93b7b-e1e8-4ecf-b357-e3e423f4b32c,"Thao, Lucy",Lucy.Thao@amphenol-cbs.com,Member,True,"[{""signInType"":""userPrincipalName"",""issuer"":""amphenolfci.onmicrosoft.com"",""issuerAssignedId"":""Lucy.Thao@amphenol-cbs.com""}]","Amphenol High Speed Technology (Nantong) Co., Ltd",
d670ed7e-6135-44fe-9df2-7aaab1f692df,"Thao, Talia",Talia.Thao@amphenol-cbs.com,Member,True,"[{""signInType"":""userPrincipalName"",""issuer"":""amphenolfci.onmicrosoft.com"",""issuerAssignedId"":""Talia.Thao@amphenol-cbs.com""}]","Amphenol High Speed Technology (Nantong) Co., Ltd",
119fa59e-4ca5-4fe4-97cc-db3569b3bf66,"Thoa, Elly",Elly.Thoa@amphenol-cbs.com,Member,True,"[{""signInType"":""userPrincipalName"",""issuer"":""amphenolfci.onmicrosoft.com"",""issuerAssignedId"":""Elly.Thoa@amphenol-cbs.com""}]","Amphenol High Speed Technology (Nantong) Co., Ltd",
f5009194-9184-4abf-aaa4-9e967ea27555,"Thong, Fan",Fan.Thong@amphenol-cbs.com,Member,True,"[{""signInType"":""userPrincipalName"",""issuer"":""amphenolfci.onmicrosoft.com"",""issuerAssignedId"":""Fan.Thong@amphenol-cbs.com""}]","Amphenol High Speed Technology (Nantong) Co., Ltd",
0f3e67cc-7896-44db-8eb5-a8775014516f,"Thu, Jea",Jea.Thu@amphenol-cbs.com,Member,True,"[{""signInType"":""userPrincipalName"",""issuer"":""amphenolfci.onmicrosoft.com"",""issuerAssignedId"":""Jea.Thu@amphenol-cbs.com""}]","Amphenol High Speed Technology (Nantong) Co., Ltd",
33a50334-ec42-40b7-86d3-60bc0a567884,"Thu, Luna",Luna.Thu@amphenol-cbs.com,Member,True,"[{""signInType"":""userPrincipalName"",""issuer"":""amphenolfci.onmicrosoft.com"",""issuerAssignedId"":""Luna.Thu@amphenol-cbs.com""}]","Amphenol High Speed Technology (Nantong) Co., Ltd",
bff9a046-5c16-4bfc-af76-18be087bd27d,"Thuoc, Anna",Anna.Thuoc@amphenol-cbs.com,Member,True,"[{""signInType"":""userPrincipalName"",""issuer"":""amphenolfci.onmicrosoft.com"",""issuerAssignedId"":""Anna.Thuoc@amphenol-cbs.com""}]","Amphenol High Speed Technology (Nantong) Co., Ltd",
c6ae90ba-377b-4aca-8981-ae93de09c68d,"Thuy, Dulcie",Dulcie.Thuy@amphenol-cbs.com,Member,True,"[{""signInType"":""userPrincipalName"",""issuer"":""amphenolfci.onmicrosoft.com"",""issuerAssignedId"":""Dulcie.Thuy@amphenol-cbs.com""}]","Amphenol High Speed Technology (Nantong) Co., Ltd",
25a89a68-dc68-4863-b931-a891aaf454f4,"Thuy, Lisa",Lisa.Thuy@amphenol-cbs.com,Member,True,"[{""signInType"":""userPrincipalName"",""issuer"":""amphenolfci.onmicrosoft.com"",""issuerAssignedId"":""Lisa.Thuy@amphenol-cbs.com""}]","Amphenol High Speed Technology (Nantong) Co., Ltd",
d9a2fdbf-c7c4-427b-acb7-a19966090594,"Thuy, Luna",Luna.Thuy@amphenol-cbs.com,Member,True,"[{""signInType"":""userPrincipalName"",""issuer"":""amphenolfci.onmicrosoft.com"",""issuerAssignedId"":""Luna.Thuy@amphenol-cbs.com""}]","Amphenol High Speed Technology (Nantong) Co., Ltd",
6e046d14-ac6c-4cd2-a437-28ebdd5b6951,"Thuy, Nami",Nami.Thuy@amphenol-cbs.com,Member,True,"[{""signInType"":""userPrincipalName"",""issuer"":""amphenolfci.onmicrosoft.com"",""issuerAssignedId"":""Nami.Thuy@amphenol-cbs.com""}]","Amphenol High Speed Technology (Nantong) Co., Ltd",
967c7d1b-ac7e-43de-aed6-0fd239ddf657,"Thuy, Veera",Veera.Thuy@amphenol-cbs.com,Member,True,"[{""signInType"":""userPrincipalName"",""issuer"":""amphenolfci.onmicrosoft.com"",""issuerAssignedId"":""Veera.Thuy@amphenol-cbs.com""}]","Amphenol High Speed Technology (Nantong) Co., Ltd",
f396e59d-bd11-47b8-a136-8ca240e69c26,"Tien, Daniel",Daniel.Tien@amphenol-cbs.com,Member,True,"[{""signInType"":""userPrincipalName"",""issuer"":""amphenolfci.onmicrosoft.com"",""issuerAssignedId"":""Daniel.Tien@amphenol-cbs.com""}]","Amphenol High Speed Technology (Nantong) Co., Ltd",
485eef1f-545b-494d-9e14-9a8a1f4f92ec,"Tien, Ryan",Ryan.Tien@amphenol-cbs.com,Member,True,"[{""signInType"":""userPrincipalName"",""issuer"":""amphenolfci.onmicrosoft.com"",""issuerAssignedId"":""Ryan.Tien@amphenol-cbs.com""}]","Amphenol High Speed Technology (Nantong) Co., Ltd",
3a7e4e8a-6721-4513-b048-89c5abba914b,"Tinh, Bob",Bob.Tinh@amphenol-cbs.com,Member,True,"[{""signInType"":""userPrincipalName"",""issuer"":""amphenolfci.onmicrosoft.com"",""issuerAssignedId"":""Bob.Tinh@amphenol-cbs.com""}]","Amphenol High Speed Technology (Nantong) Co., Ltd",
b1bb91c0-7777-428f-9fc4-620880e4d5e8,"Tinh, Terry",Terry.Tinh@amphenol-cbs.com,Member,True,"[{""signInType"":""userPrincipalName"",""issuer"":""amphenolfci.onmicrosoft.com"",""issuerAssignedId"":""Terry.Tinh@amphenol-cbs.com""}]","Amphenol High Speed Technology (Nantong) Co., Ltd",
9b0d32d5-ba81-4fdb-8bd4-8088a18fa2be,"Toan, Tone",Tone.Toan@amphenol-cbs.com,Member,True,"[{""signInType"":""userPrincipalName"",""issuer"":""amphenolfci.onmicrosoft.com"",""issuerAssignedId"":""Tone.Toan@amphenol-cbs.com""}]","Amphenol High Speed Technology (Nantong) Co., Ltd",
99932434-d55f-45a9-8bc8-c7c46d27fe8b,"Trang, Bonnie",Bonnie.Trang@amphenol-cbs.com,Member,True,"[{""signInType"":""userPrincipalName"",""issuer"":""amphenolfci.onmicrosoft.com"",""issuerAssignedId"":""Bonnie.Trang@amphenol-cbs.com""}]","Amphenol High Speed Technology (Nantong) Co., Ltd",
52612f4a-340c-4e38-934a-241da8dda71d,"Trang, Gemini",Gemini.Trang@amphenol-cbs.com,Member,True,"[{""signInType"":""userPrincipalName"",""issuer"":""amphenolfci.onmicrosoft.com"",""issuerAssignedId"":""Gemini.Trang@amphenol-cbs.com""}]","Amphenol High Speed Technology (Nantong) Co., Ltd",
a609c0a8-f2e9-4141-95fa-9c9d4837ff4d,"Trang, Halley",Halley.Trang@amphenol-cbs.com,Member,True,"[{""signInType"":""userPrincipalName"",""issuer"":""amphenolfci.onmicrosoft.com"",""issuerAssignedId"":""Halley.Trang@amphenol-cbs.com""}]","Amphenol High Speed Technology (Nantong) Co., Ltd",
b1c80e63-8830-46d2-970c-7444289c57dc,"Trang, Kayla",Kayla.Trang@amphenol-cbs.com,Member,True,"[{""signInType"":""userPrincipalName"",""issuer"":""amphenolfci.onmicrosoft.com"",""issuerAssignedId"":""Kayla.Trang@amphenol-cbs.com""}]","Amphenol High Speed Technology (Nantong) Co., Ltd",
e2c03f80-3268-4f83-acda-e685cba34695,"Trang, Miley",Miley.Trang@amphenol-cbs.com,Member,True,"[{""signInType"":""userPrincipalName"",""issuer"":""amphenolfci.onmicrosoft.com"",""issuerAssignedId"":""Miley.Trang@amphenol-cbs.com""}]","Amphenol High Speed Technology (Nantong) Co., Ltd",
a52fef4c-fedc-4b95-82f1-432985654a17,"Trung, Max",Max.Trung@amphenol-cbs.com,Member,True,"[{""signInType"":""userPrincipalName"",""issuer"":""amphenolfci.onmicrosoft.com"",""issuerAssignedId"":""Max.Trung@amphenol-cbs.com""}]","Amphenol High Speed Technology (Nantong) Co., Ltd",
e67a7fb4-ec5c-49a4-8684-03d29f6c1439,"TTHDis-An, Vicent",TTHDis-Vicent.An@amphenol-cbs.com,Member,True,"[{""signInType"":""userPrincipalName"",""issuer"":""amphenolfci.onmicrosoft.com"",""issuerAssignedId"":""TTHDis-Vicent.An@amphenol-cbs.com""}]","Amphenol High Speed Technology (Nantong) Co., Ltd",
991284a7-2d4e-425c-9d2e-a225796e5dbb,"TTHDis-Bang, Johann",TTHDis-Johann.Bang@amphenol-cbs.com,Member,True,"[{""signInType"":""userPrincipalName"",""issuer"":""amphenolfci.onmicrosoft.com"",""issuerAssignedId"":""TTHDis-Johann.Bang@amphenol-cbs.com""}]","Amphenol High Speed Technology (Nantong) Co., Ltd",
3223c868-88a2-44f9-bf0e-124ed010e74e,"TTHDis-Chi, May",TTHDis-May.Chi@amphenol-cbs.com,Member,True,"[{""signInType"":""userPrincipalName"",""issuer"":""amphenolfci.onmicrosoft.com"",""issuerAssignedId"":""TTHDis-May.Chi@amphenol-cbs.com""}]","Amphenol High Speed Technology (Nantong) Co., Ltd",
73817900-2d0e-4af8-9a4b-d0d9cc90880b,"TTHDis-Cuong, Eric",TTHDis-Eric.Cuong@amphenol-cbs.com,Member,True,"[{""signInType"":""userPrincipalName"",""issuer"":""amphenolfci.onmicrosoft.com"",""issuerAssignedId"":""TTHDis-Eric.Cuong@amphenol-cbs.com""}]","Amphenol High Speed Technology (Nantong) Co., Ltd",
3652c35d-ccab-42bb-afb9-c43205b8d668,"TTHDis-Cuong, Peter",TTHDis-Peter.Cuong@amphenol-cbs.com,Member,True,"[{""signInType"":""userPrincipalName"",""issuer"":""amphenolfci.onmicrosoft.com"",""issuerAssignedId"":""TTHDis-Peter.Cuong@amphenol-cbs.com""}]","Amphenol High Speed Technology (Nantong) Co., Ltd",
e340fbfc-6998-47d5-889f-bbaf3c8563bf,"TTHDis-Duong, Demi",TTHDis-Demi.Duong@amphenol-cbs.com,Member,True,"[{""signInType"":""userPrincipalName"",""issuer"":""amphenolfci.onmicrosoft.com"",""issuerAssignedId"":""TTHDis-Demi.Duong@amphenol-cbs.com""}]","Amphenol High Speed Technology (Nantong) Co., Ltd",
9b93d1b9-7fde-4620-b9a2-d91436c420fe,"TTHDis-Giang, Gili",TTHDis-Gili.Giang@amphenol-cbs.com,Member,True,"[{""signInType"":""userPrincipalName"",""issuer"":""amphenolfci.onmicrosoft.com"",""issuerAssignedId"":""TTHDis-Gili.Giang@amphenol-cbs.com""}]","Amphenol High Speed Technology (Nantong) Co., Ltd",
7d55bdf5-efb9-437b-8ea0-e6bf4614c19b,"TTHDis-Giang, Grace",TTHDis-Grace.Giang@amphenol-cbs.com,Member,True,"[{""signInType"":""userPrincipalName"",""issuer"":""amphenolfci.onmicrosoft.com"",""issuerAssignedId"":""TTHDis-Grace.Giang@amphenol-cbs.com""}]","Amphenol High Speed Technology (Nantong) Co., Ltd",
0a726805-a08f-4555-a326-265b2c8ec4a1,"TTHDis-Gui, Ethan",TTHDis-Ethan.Gui@amphenol-cbs.com,Member,True,"[{""signInType"":""userPrincipalName"",""issuer"":""amphenolfci.onmicrosoft.com"",""issuerAssignedId"":""TTHDis-Ethan.Gui@amphenol-cbs.com""}]","Amphenol High Speed Technology (Nantong) Co., Ltd",
6932ae49-5a67-4754-b87d-434d18c7fdcb,"TTHDis-Guo, Gavin",TTHDis-Gavin.Guo@amphenol-cbs.com,Member,True,"[{""signInType"":""userPrincipalName"",""issuer"":""amphenolfci.onmicrosoft.com"",""issuerAssignedId"":""TTHDis-Gavin.Guo@amphenol-cbs.com""}]","Amphenol High Speed Technology (Nantong) Co., Ltd",
93d3c18d-f756-43e7-b38c-cc3307064f13,"TTHDis-Hai, Susan",TTHDis-Susan.Hai@amphenol-cbs.com,Member,True,"[{""signInType"":""userPrincipalName"",""issuer"":""amphenolfci.onmicrosoft.com"",""issuerAssignedId"":""TTHDis-Susan.Hai@amphenol-cbs.com""}]","Amphenol High Speed Technology (Nantong) Co., Ltd",
62637f7e-3183-4414-8ebf-d51ba52c9ee6,"TTHDis-Hanh, Chloe",TTHDis-Chloe.Hanh@amphenol-cbs.com,Member,True,"[{""signInType"":""userPrincipalName"",""issuer"":""amphenolfci.onmicrosoft.com"",""issuerAssignedId"":""TTHDis-Chloe.Hanh@amphenol-cbs.com""}]","Amphenol High Speed Technology (Nantong) Co., Ltd",
5a6d6186-dcea-421a-a780-d3f875abc421,"TTHDis-Hien, Tracy",TTHDis-Tracy.Hien@amphenol-cbs.com,Member,True,"[{""signInType"":""userPrincipalName"",""issuer"":""amphenolfci.onmicrosoft.com"",""issuerAssignedId"":""TTHDis-Tracy.Hien@amphenol-cbs.com""}]","Amphenol High Speed Technology (Nantong) Co., Ltd",
bd3fc910-50b5-40a8-b86e-c588e48c4984,"TTHDis-Hiep, Vita",TTHDis-Vita.Hiep@amphenol-cbs.com,Member,True,"[{""signInType"":""userPrincipalName"",""issuer"":""amphenolfci.onmicrosoft.com"",""issuerAssignedId"":""TTHDis-Vita.Hiep@amphenol-cbs.com""}]","Amphenol High Speed Technology (Nantong) Co., Ltd",
aafbf8cf-303b-4f99-bb84-4f44f57a12f1,"TTHDis-Hung, Harry",TTHDis-Harry.Hung@amphenol-cbs.com,Member,True,"[{""signInType"":""userPrincipalName"",""issuer"":""amphenolfci.onmicrosoft.com"",""issuerAssignedId"":""TTHDis-Harry.Hung@amphenol-cbs.com""}]","Amphenol High Speed Technology (Nantong) Co., Ltd",
bd59f613-ed56-426e-80a4-b2f3782ef290,"TTHDis-Li, Alex",TTHDis-Alex.Li@amphenol-cbs.com,Member,True,"[{""signInType"":""userPrincipalName"",""issuer"":""amphenolfci.onmicrosoft.com"",""issuerAssignedId"":""TTHDis-Alex.Li@amphenol-cbs.com""}]","Amphenol High Speed Technology (Nantong) Co., Ltd",
7a74cebd-78c8-45d1-bd72-40178e5eac6e,"TTHDis-Lu, Sun",TTHDis-Sun.Lu@amphenol-cbs.com,Member,True,"[{""signInType"":""userPrincipalName"",""issuer"":""amphenolfci.onmicrosoft.com"",""issuerAssignedId"":""TTHDis-Sun.Lu@amphenol-cbs.com""}]","Amphenol High Speed Technology (Nantong) Co., Ltd",
397c9d82-b7fd-4c89-8a6e-9a51e75d99d5,"TTHDis-Minh, Brighton",TTHDis-Brighton.Minh@amphenol-cbs.com,Member,True,"[{""signInType"":""userPrincipalName"",""issuer"":""amphenolfci.onmicrosoft.com"",""issuerAssignedId"":""TTHDis-Brighton.Minh@amphenol-cbs.com""}]","Amphenol High Speed Technology (Nantong) Co., Ltd",
87cdbe35-44c7-42dc-9c11-e4305df6f1e9,"TTHDis-Minh, Miller",TTHDis-Miller.Minh@amphenol-cbs.com,Member,True,"[{""signInType"":""userPrincipalName"",""issuer"":""amphenolfci.onmicrosoft.com"",""issuerAssignedId"":""TTHDis-Miller.Minh@amphenol-cbs.com""}]","Amphenol High Speed Technology (Nantong) Co., Ltd",
93e48175-4f03-4365-a048-1a6f282aa797,"TTHDis-Nam, Justin",TTHDis-Justin.Nam@amphenol-cbs.com,Member,True,"[{""signInType"":""userPrincipalName"",""issuer"":""amphenolfci.onmicrosoft.com"",""issuerAssignedId"":""TTHDis-Justin.Nam@amphenol-cbs.com""}]","Amphenol High Speed Technology (Nantong) Co., Ltd",
154f4372-b78f-40d7-b1d9-d69c58375bfc,"TTHDis-Nam, Max",TTHDis-Max.Nam@amphenol-cbs.com,Member,True,"[{""signInType"":""userPrincipalName"",""issuer"":""amphenolfci.onmicrosoft.com"",""issuerAssignedId"":""TTHDis-Max.Nam@amphenol-cbs.com""}]","Amphenol High Speed Technology (Nantong) Co., Ltd",
ffc01abf-c36d-4751-b195-a96dc775a4e7,"TTHDis-Nguyen, Tom",TTHDis-Tom.Nguyen@amphenol-cbs.com,Member,True,"[{""signInType"":""userPrincipalName"",""issuer"":""amphenolfci.onmicrosoft.com"",""issuerAssignedId"":""TTHDis-Tom.Nguyen@amphenol-cbs.com""}]","Amphenol High Speed Technology (Nantong) Co., Ltd",
cd81199f-a916-4b7c-b1fa-d29d200a59df,"TTHDis-Nguyen, Zaki",TTHDis-Zaki.Nguyen@amphenol-cbs.com,Member,True,"[{""signInType"":""userPrincipalName"",""issuer"":""amphenolfci.onmicrosoft.com"",""issuerAssignedId"":""TTHDis-Zaki.Nguyen@amphenol-cbs.com""}]","Amphenol High Speed Technology (Nantong) Co., Ltd",
d3f8fe86-c280-422d-9175-3731c4f3a18e,"TTHDis-Phuc, Rio",TTHDis-Rio.Phuc@amphenol-cbs.com,Member,True,"[{""signInType"":""userPrincipalName"",""issuer"":""amphenolfci.onmicrosoft.com"",""issuerAssignedId"":""TTHDis-Rio.Phuc@amphenol-cbs.com""}]","Amphenol High Speed Technology (Nantong) Co., Ltd",
7b0489e9-da82-4996-af24-31dd568ddd95,"TTHDis-Qiu, Qadir",TTHDis-Qadir.Qiu@amphenol-cbs.com,Member,True,"[{""signInType"":""userPrincipalName"",""issuer"":""amphenolfci.onmicrosoft.com"",""issuerAssignedId"":""TTHDis-Qadir.Qiu@amphenol-cbs.com""}]","Amphenol High Speed Technology (Nantong) Co., Ltd",
d2059110-560c-4bba-bd2c-ea68b5cd7bc2,"TTHDis-Shen, Wenxi",TTHDis-Wenxi.Shen@amphenol-cbs.com,Member,True,"[{""signInType"":""userPrincipalName"",""issuer"":""amphenolfci.onmicrosoft.com"",""issuerAssignedId"":""TTHDis-Wenxi.Shen@amphenol-cbs.com""}]","Amphenol High Speed Technology (Nantong) Co., Ltd",
f163ac80-6adf-4137-97db-215e1de90a57,"TTHDis-Son, Mason",TTHDis-Mason.Son@amphenol-cbs.com,Member,True,"[{""signInType"":""userPrincipalName"",""issuer"":""amphenolfci.onmicrosoft.com"",""issuerAssignedId"":""TTHDis-Mason.Son@amphenol-cbs.com""}]","Amphenol High Speed Technology (Nantong) Co., Ltd",
abbcce7c-a5be-479a-aa5a-7835951e5505,"TTHDis-Song, Allen",TTHDis-Allen.Song@amphenol-cbs.com,Member,True,"[{""signInType"":""userPrincipalName"",""issuer"":""amphenolfci.onmicrosoft.com"",""issuerAssignedId"":""TTHDis-Allen.Song@amphenol-cbs.com""}]","Amphenol High Speed Technology (Nantong) Co., Ltd",
e040b9eb-6c36-4149-aef2-963fd160e28a,"TTHDis-Tan, Lionel",TTHDis-Lionel.Tan@amphenol-cbs.com,Member,True,"[{""signInType"":""userPrincipalName"",""issuer"":""amphenolfci.onmicrosoft.com"",""issuerAssignedId"":""TTHDis-Lionel.Tan@amphenol-cbs.com""}]","Amphenol High Speed Technology (Nantong) Co., Ltd",
026581f2-f218-455d-a20c-1a0358dfb310,"TTHDis-Thanh, Celia",TTHDis-Celia.Thanh@amphenol-cbs.com,Member,True,"[{""signInType"":""userPrincipalName"",""issuer"":""amphenolfci.onmicrosoft.com"",""issuerAssignedId"":""TTHDis-Celia.Thanh@amphenol-cbs.com""}]","Amphenol High Speed Technology (Nantong) Co., Ltd",
cbb22208-3e49-44bb-9049-68f75f19262f,"TTHDis-Thanh, Miedo",TTHDis-Miedo.Thanh@amphenol-cbs.com,Member,True,"[{""signInType"":""userPrincipalName"",""issuer"":""amphenolfci.onmicrosoft.com"",""issuerAssignedId"":""TTHDis-Miedo.Thanh@amphenol-cbs.com""}]","Amphenol High Speed Technology (Nantong) Co., Ltd",
6bfeceb5-218a-4a8d-a0b4-9039a0ca9a3b,"TTHDis-Thanh, Sia",TTHDis-Sia.Thanh@amphenol-cbs.com,Member,True,"[{""signInType"":""userPrincipalName"",""issuer"":""amphenolfci.onmicrosoft.com"",""issuerAssignedId"":""TTHDis-Sia.Thanh@amphenol-cbs.com""}]","Amphenol High Speed Technology (Nantong) Co., Ltd",
724134a1-6fb6-49f8-91c6-80a0dcbc55d2,"TTHDis-Thao, Ruby",TTHDis-Ruby.Thao@amphenol-cbs.com,Member,True,"[{""signInType"":""userPrincipalName"",""issuer"":""amphenolfci.onmicrosoft.com"",""issuerAssignedId"":""TTHDis-Ruby.Thao@amphenol-cbs.com""}]","Amphenol High Speed Technology (Nantong) Co., Ltd",
a7c87e8a-12a8-4ae8-bc7c-8bf7c82e430a,"TTHDis-Thao, Sunny",TTHDis-Sunny.Thao@amphenol-cbs.com,Member,True,"[{""signInType"":""userPrincipalName"",""issuer"":""amphenolfci.onmicrosoft.com"",""issuerAssignedId"":""TTHDis-Sunny.Thao@amphenol-cbs.com""}]","Amphenol High Speed Technology (Nantong) Co., Ltd",
cf8c997d-063a-4bb0-90f0-3bc281cfa718,"TTHDis-Thuc, Dennis",TTHDis-Dennis.Thuc@amphenol-cbs.com,Member,True,"[{""signInType"":""userPrincipalName"",""issuer"":""amphenolfci.onmicrosoft.com"",""issuerAssignedId"":""TTHDis-Dennis.Thuc@amphenol-cbs.com""}]","Amphenol High Speed Technology (Nantong) Co., Ltd",
ba6b8a64-d03e-440e-b52a-54f8f44e6967,"TTHDis-Truc, Tracy",TTHDis-Tracy.Truc@amphenol-cbs.com,Member,True,"[{""signInType"":""userPrincipalName"",""issuer"":""amphenolfci.onmicrosoft.com"",""issuerAssignedId"":""TTHDis-Tracy.Truc@amphenol-cbs.com""}]","Amphenol High Speed Technology (Nantong) Co., Ltd",
3e568c04-5661-403c-bd3b-6586406ea624,"TTHDis-Tuan, Antony",TTHDis-Antony.Tuan@amphenol-cbs.com,Member,True,"[{""signInType"":""userPrincipalName"",""issuer"":""amphenolfci.onmicrosoft.com"",""issuerAssignedId"":""TTHDis-Antony.Tuan@amphenol-cbs.com""}]","Amphenol High Speed Technology (Nantong) Co., Ltd",
349643d1-4568-47ac-a2cd-186a7981f891,"TTHDis-Van, Linda",TTHDis-Linda.Van@amphenol-cbs.com,Member,True,"[{""signInType"":""userPrincipalName"",""issuer"":""amphenolfci.onmicrosoft.com"",""issuerAssignedId"":""TTHDis-Linda.Van@amphenol-cbs.com""}]","Amphenol High Speed Technology (Nantong) Co., Ltd",
f869860f-07bb-4acb-88bb-c0657f3015de,"TTHDis-Wang, Mengdan",TTHDis-Mengdan.Wang@amphenol-cbs.com,Member,True,"[{""signInType"":""userPrincipalName"",""issuer"":""amphenolfci.onmicrosoft.com"",""issuerAssignedId"":""TTHDis-Mengdan.Wang@amphenol-cbs.com""}]","Amphenol High Speed Technology (Nantong) Co., Ltd",
4e2053e7-ade5-4649-9907-0cf5c8b6eb24,"TTHDis-Yang, Anthony",TTHDis-Anthony.Yang@amphenol-cbs.com,Member,True,"[{""signInType"":""userPrincipalName"",""issuer"":""amphenolfci.onmicrosoft.com"",""issuerAssignedId"":""TTHDis-Anthony.Yang@amphenol-cbs.com""}]","Amphenol High Speed Technology (Nantong) Co., Ltd",
c13c51ac-3591-47c7-8566-dae2670d19c2,"Tu, Andi",Andi.Tu@amphenol-cbs.com,Member,True,"[{""signInType"":""userPrincipalName"",""issuer"":""amphenolfci.onmicrosoft.com"",""issuerAssignedId"":""Andi.Tu@amphenol-cbs.com""}]","Amphenol High Speed Technology (Nantong) Co., Ltd",
d812111a-ef12-46f8-892e-8287e3561539,"Tuan, Atus",Atus.Tuan@amphenol-cbs.com,Member,True,"[{""signInType"":""userPrincipalName"",""issuer"":""amphenolfci.onmicrosoft.com"",""issuerAssignedId"":""Atus.Tuan@amphenol-cbs.com""}]","Amphenol High Speed Technology (Nantong) Co., Ltd",
31d6bf47-ee25-44c7-b421-80e8f1be9b60,"Tuan, Finn",Finn.Tuan@amphenol-cbs.com,Member,True,"[{""signInType"":""userPrincipalName"",""issuer"":""amphenolfci.onmicrosoft.com"",""issuerAssignedId"":""Finn.Tuan@amphenol-cbs.com""}]","Amphenol High Speed Technology (Nantong) Co., Ltd",
5f35d9bf-7aec-4774-9a83-d543ce80160c,"Tuan, Jason",Jason.Tuan@amphenol-cbs.com,Member,True,"[{""signInType"":""userPrincipalName"",""issuer"":""amphenolfci.onmicrosoft.com"",""issuerAssignedId"":""Jason.Tuan@amphenol-cbs.com""}]","Amphenol High Speed Technology (Nantong) Co., Ltd",
18954545-a0be-47c0-bd34-1359ac855bde,"Tuan, Lucy",Lucy.Tuan@amphenol-cbs.com,Member,True,"[{""signInType"":""userPrincipalName"",""issuer"":""amphenolfci.onmicrosoft.com"",""issuerAssignedId"":""Lucy.Tuan@amphenol-cbs.com""}]","Amphenol High Speed Technology (Nantong) Co., Ltd",
fb16b4bf-b256-4ae7-82f8-bda883d20f46,"Tuan, Magic",Magic.Tuan@amphenol-cbs.com,Member,True,"[{""signInType"":""userPrincipalName"",""issuer"":""amphenolfci.onmicrosoft.com"",""issuerAssignedId"":""Magic.Tuan@amphenol-cbs.com""}]","Amphenol High Speed Technology (Nantong) Co., Ltd",
5ce736cb-5740-4610-a4c3-bbf4f7842b4d,"Tuan, Raze",Raze.Tuan@amphenol-cbs.com,Member,True,"[{""signInType"":""userPrincipalName"",""issuer"":""amphenolfci.onmicrosoft.com"",""issuerAssignedId"":""Raze.Tuan@amphenol-cbs.com""}]","Amphenol High Speed Technology (Nantong) Co., Ltd",
34df448e-0b86-4499-9d76-7c99a9f08d35,"Tuyen, Tina",Tina.Tuyen@amphenol-cbs.com,Member,True,"[{""signInType"":""userPrincipalName"",""issuer"":""amphenolfci.onmicrosoft.com"",""issuerAssignedId"":""Tina.Tuyen@amphenol-cbs.com""}]","Amphenol High Speed Technology (Nantong) Co., Ltd",
c1631ee0-6769-4a05-891f-f6e1f2947954,"Viet, Cathy",Cathy.Viet@amphenol-cbs.com,Member,True,"[{""signInType"":""userPrincipalName"",""issuer"":""amphenolfci.onmicrosoft.com"",""issuerAssignedId"":""Cathy.Viet@amphenol-cbs.com""}]","Amphenol High Speed Technology (Nantong) Co., Ltd",
53e40c58-96b3-44d3-a801-eb642142b67d,"Viet, Henry",Henry.Viet@amphenol-cbs.com,Member,True,"[{""signInType"":""userPrincipalName"",""issuer"":""amphenolfci.onmicrosoft.com"",""issuerAssignedId"":""Henry.Viet@amphenol-cbs.com""}]","Amphenol High Speed Technology (Nantong) Co., Ltd",
2a0224e9-da4b-4893-bb34-94ea8812e01d,"Viet, Vic",Vic.Viet@amphenol-cbs.com,Member,True,"[{""signInType"":""userPrincipalName"",""issuer"":""amphenolfci.onmicrosoft.com"",""issuerAssignedId"":""Vic.Viet@amphenol-cbs.com""}]","Amphenol High Speed Technology (Nantong) Co., Ltd",
ad908bd8-9632-4881-935e-36ce1cd06f20,"Vu, Bac",Bac.Vu@amphenol-cbs.com,Member,True,"[{""signInType"":""userPrincipalName"",""issuer"":""amphenolfci.onmicrosoft.com"",""issuerAssignedId"":""Bac.Vu@amphenol-cbs.com""}]","Amphenol High Speed Technology (Nantong) Co., Ltd",
d25a9ce6-129f-44a5-8aa1-9990971b659e,"Wang, Alex",Alex.Wang@amphenol-cbs.com,Member,True,"[{""signInType"":""userPrincipalName"",""issuer"":""amphenolfci.onmicrosoft.com"",""issuerAssignedId"":""Alex.Wang@amphenol-cbs.com""}]","Amphenol High Speed Technology (Nantong) Co., Ltd",
453b9268-74be-45bb-8f15-3f67dbe55d31,"Wang, Asher",Asher.Wang@amphenol-cbs.com,Member,True,"[{""signInType"":""userPrincipalName"",""issuer"":""amphenolfci.onmicrosoft.com"",""issuerAssignedId"":""Asher.Wang@amphenol-cbs.com""}]","Amphenol High Speed Technology (Nantong) Co., Ltd",
b4bee549-099d-46a5-a616-02e774c4abcd,"Wang, Carl(TTH)",CarlTTH.Wang@amphenol-cbs.com,Member,True,"[{""signInType"":""userPrincipalName"",""issuer"":""amphenolfci.onmicrosoft.com"",""issuerAssignedId"":""CarlTTH.Wang@amphenol-cbs.com""}]","Amphenol High Speed Technology (Nantong) Co., Ltd",
61e24c89-91d0-4221-93e4-45a69f546a27,"Wang, Chris",Chris.Wang@amphenol-cbs.com,Member,True,"[{""signInType"":""userPrincipalName"",""issuer"":""amphenolfci.onmicrosoft.com"",""issuerAssignedId"":""Chris.Wang@amphenol-cbs.com""}]","Amphenol High Speed Technology (Nantong) Co., Ltd",
2982b3ed-a643-42fc-be34-d3700b960f4b,"Wang, Gonggong",Gonggong.Wang@amphenol-cbs.com,Member,True,"[{""signInType"":""userPrincipalName"",""issuer"":""amphenolfci.onmicrosoft.com"",""issuerAssignedId"":""Gonggong.Wang@amphenol-cbs.com""}]","Amphenol High Speed Technology (Nantong) Co., Ltd",
0d8a23d8-a5ff-4df2-931e-0a618b18d38f,"Wang, Jason",Jason.Wang@amphenol-cbs.com,Member,True,"[{""signInType"":""userPrincipalName"",""issuer"":""amphenolfci.onmicrosoft.com"",""issuerAssignedId"":""Jason.Wang@amphenol-cbs.com""}]","Amphenol High Speed Technology (Nantong) Co., Ltd",
3653568a-b49e-4cde-b57c-770a81341ef7,"Wang, Jinkun",Jinkin.Wang@amphenol-cbs.com,Member,True,"[{""signInType"":""userPrincipalName"",""issuer"":""amphenolfci.onmicrosoft.com"",""issuerAssignedId"":""Jinkin.Wang@amphenol-cbs.com""}]","Amphenol High Speed Technology (Nantong) Co., Ltd",
60aeea5a-c120-46b6-82da-fddfe885b977,"Wang, Qiang",Qiang.Wang@amphenol-cbs.com,Member,True,"[{""signInType"":""userPrincipalName"",""issuer"":""amphenolfci.onmicrosoft.com"",""issuerAssignedId"":""Qiang.Wang@amphenol-cbs.com""}]","Amphenol High Speed Technology (Nantong) Co., Ltd",
42d2f8bb-f680-49ba-b1c6-d4e4dc055a1b,"Wang, Rena",Rena.Wang@amphenol-cbs.com,Member,True,"[{""signInType"":""userPrincipalName"",""issuer"":""amphenolfci.onmicrosoft.com"",""issuerAssignedId"":""Rena.Wang@amphenol-cbs.com""}]","Amphenol High Speed Technology (Nantong) Co., Ltd",
0699afe4-9308-4316-8272-78e40f81b4b3,"Wang, Trista",Trista.Wang@amphenol-cbs.com,Member,True,"[{""signInType"":""userPrincipalName"",""issuer"":""amphenolfci.onmicrosoft.com"",""issuerAssignedId"":""Trista.Wang@amphenol-cbs.com""}]","Amphenol High Speed Technology (Nantong) Co., Ltd",
8ef63970-bb50-4c80-aca3-7bdc4f2d2867,"Wang, Xavier",Xavier.Wang@amphenol-cbs.com,Member,True,"[{""signInType"":""userPrincipalName"",""issuer"":""amphenolfci.onmicrosoft.com"",""issuerAssignedId"":""Xavier.Wang@amphenol-cbs.com""}]","Amphenol High Speed Technology (Nantong) Co., Ltd",
8963df49-992d-4bd4-be11-ae7aaf847700,"Wang, Xuasher",Xuasher.Wang@amphenol-cbs.com,Member,True,"[{""signInType"":""userPrincipalName"",""issuer"":""amphenolfci.onmicrosoft.com"",""issuerAssignedId"":""Xuasher.Wang@amphenol-cbs.com""}]","Amphenol High Speed Technology (Nantong) Co., Ltd",
ec451a76-b2b7-4571-82e2-1bab93692b9f,"Wu, Grant",Grant.Wu@amphenol-cbs.com,Member,True,"[{""signInType"":""userPrincipalName"",""issuer"":""amphenolfci.onmicrosoft.com"",""issuerAssignedId"":""Grant.Wu@amphenol-cbs.com""}]","Amphenol High Speed Technology (Nantong) Co., Ltd",
1e128881-52e6-4a5f-b0ed-f8d11ec193ca,"Wu, James",James.Wu@amphenol-cbs.com,Member,True,"[{""signInType"":""userPrincipalName"",""issuer"":""amphenolfci.onmicrosoft.com"",""issuerAssignedId"":""James.Wu@amphenol-cbs.com""}]","Amphenol High Speed Technology (Nantong) Co., Ltd",
36739b1f-ba0c-4305-95ee-66de285b2b7b,"Wu, Leo",Leo.Wu@amphenol-cbs.com,Member,True,"[{""signInType"":""userPrincipalName"",""issuer"":""amphenolfci.onmicrosoft.com"",""issuerAssignedId"":""Leo.Wu@amphenol-cbs.com""}]","Amphenol High Speed Technology (Nantong) Co., Ltd",
3b12865f-50cc-4733-9068-c437b2a21e8d,"Wu, Sherry",Sherry.Wu@amphenol-cbs.com,Member,True,"[{""signInType"":""userPrincipalName"",""issuer"":""amphenolfci.onmicrosoft.com"",""issuerAssignedId"":""Sherry.Wu@amphenol-cbs.com""}]","Amphenol High Speed Technology (Nantong) Co., Ltd",
e66ec104-4844-46b7-b709-f44ba5f04903,"Xia, Evo",Evo.Xia@amphenol-cbs.com,Member,True,"[{""signInType"":""userPrincipalName"",""issuer"":""amphenolfci.onmicrosoft.com"",""issuerAssignedId"":""Evo.Xia@amphenol-cbs.com""}]","Amphenol High Speed Technology (Nantong) Co., Ltd",
28512781-41e5-4a92-aa13-99905bd6fe8a,"Xiao, Edison",Edison.Xiao@amphenol-cbs.com,Member,True,"[{""signInType"":""userPrincipalName"",""issuer"":""amphenolfci.onmicrosoft.com"",""issuerAssignedId"":""Edison.Xiao@amphenol-cbs.com""}]","Amphenol High Speed Technology (Nantong) Co., Ltd",
6ac79fdf-8aef-4b26-bdcb-6d6792c6c726,"Xie, Nina",Nina.Xie@amphenol-cbs.com,Member,True,"[{""signInType"":""userPrincipalName"",""issuer"":""amphenolfci.onmicrosoft.com"",""issuerAssignedId"":""Nina.Xie@amphenol-cbs.com""}]","Amphenol High Speed Technology (Nantong) Co., Ltd",
f9af37c5-6f75-445a-80e9-e475a8fe90ee,"Xu, Jack",Jack.Xu@amphenol-cbs.com,Member,True,"[{""signInType"":""federated"",""issuer"":""phone"",""issuerAssignedId"":""+8615052673402""},{""signInType"":""userPrincipalName"",""issuer"":""amphenolfci.onmicrosoft.com"",""issuerAssignedId"":""Jack.Xu@amphenol-cbs.com""}]","Amphenol High Speed Technology (Nantong) Co., Ltd",
598d4043-2d1d-43ad-a9ee-618762ef2c73,"Xu, Kevin",Kevin.Xu@amphenol-cbs.com,Member,True,"[{""signInType"":""userPrincipalName"",""issuer"":""amphenolfci.onmicrosoft.com"",""issuerAssignedId"":""Kevin.Xu@amphenol-cbs.com""}]","Amphenol High Speed Technology (Nantong) Co., Ltd",
c40c8bd2-5b4e-4bad-8302-3bbd6b590b3e,"Xu, Zane",Zane.Xu@amphenol-cbs.com,Member,True,"[{""signInType"":""userPrincipalName"",""issuer"":""amphenolfci.onmicrosoft.com"",""issuerAssignedId"":""Zane.Xu@amphenol-cbs.com""}]","Amphenol High Speed Technology (Nantong) Co., Ltd",
e6a7a21f-cd41-4ea3-ac04-700f5b3e9664,"Xuan, Chun",Chun.Xuan@amphenol-cbs.com,Member,True,"[{""signInType"":""userPrincipalName"",""issuer"":""amphenolfci.onmicrosoft.com"",""issuerAssignedId"":""Chun.Xuan@amphenol-cbs.com""}]","Amphenol High Speed Technology (Nantong) Co., Ltd",
bfde53c5-17d9-4e0f-a96a-3f1fe963955e,"Yan, Aden",Aden.Yan@amphenol-cbs.com,Member,True,"[{""signInType"":""userPrincipalName"",""issuer"":""amphenolfci.onmicrosoft.com"",""issuerAssignedId"":""Aden.Yan@amphenol-cbs.com""}]","Amphenol High Speed Technology (Nantong) Co., Ltd",
a5af63c6-323e-474e-b54d-1eaaaf6b91d7,"Yan, Richard",Richard.Yan@amphenol-cbs.com,Member,True,"[{""signInType"":""userPrincipalName"",""issuer"":""amphenolfci.onmicrosoft.com"",""issuerAssignedId"":""Richard.Yan@amphenol-cbs.com""}]","Amphenol High Speed Technology (Nantong) Co., Ltd",
7bd0d2ac-95bf-4872-b920-35205dc5e22a,"Yang, Jane",Jane.Yang@amphenol-cbs.com,Member,True,"[{""signInType"":""userPrincipalName"",""issuer"":""amphenolfci.onmicrosoft.com"",""issuerAssignedId"":""Jane.Yang@amphenol-cbs.com""}]","Amphenol High Speed Technology (Nantong) Co., Ltd",
4f2d96cf-59b6-4fe2-a8ef-4b1e4832d1b7,"Yang, Polaris",Polaris.Yang@amphenol-cbs.com,Member,True,"[{""signInType"":""userPrincipalName"",""issuer"":""amphenolfci.onmicrosoft.com"",""issuerAssignedId"":""Polaris.Yang@amphenol-cbs.com""}]","Amphenol High Speed Technology (Nantong) Co., Ltd",
5a1416c5-1f60-4fac-8f29-6bccfd85a6ad,"Yang, Reid",Reid.Yang@amphenol-cbs.com,Member,True,"[{""signInType"":""userPrincipalName"",""issuer"":""amphenolfci.onmicrosoft.com"",""issuerAssignedId"":""Reid.Yang@amphenol-cbs.com""}]","Amphenol High Speed Technology (Nantong) Co., Ltd",
f975dfef-966e-44a6-bdef-2ce43ea3eb00,"Yang, Stella",Stella.Yang@amphenol-cbs.com,Member,True,"[{""signInType"":""userPrincipalName"",""issuer"":""amphenolfci.onmicrosoft.com"",""issuerAssignedId"":""Stella.Yang@amphenol-cbs.com""}]","Amphenol High Speed Technology (Nantong) Co., Ltd",
9792c19b-82c8-4965-a29f-85e59c8a5133,"Yang, Yumi",Yumi.Yang@amphenol-cbs.com,Member,True,"[{""signInType"":""userPrincipalName"",""issuer"":""amphenolfci.onmicrosoft.com"",""issuerAssignedId"":""Yumi.Yang@amphenol-cbs.com""}]","Amphenol High Speed Technology (Nantong) Co., Ltd",
226f7ea6-6adb-4182-b8fc-0a7dc1b0c66c,"Yao, Rose",Rose.Yao@amphenol-cbs.com,Member,True,"[{""signInType"":""userPrincipalName"",""issuer"":""amphenolfci.onmicrosoft.com"",""issuerAssignedId"":""Rose.Yao@amphenol-cbs.com""}]","Amphenol High Speed Technology (Nantong) Co., Ltd",
846a2541-6c70-4693-b35b-e854a4ce1f2a,"Ye, Andy",Andy.Ye@amphenol-cbs.com,Member,True,"[{""signInType"":""userPrincipalName"",""issuer"":""amphenolfci.onmicrosoft.com"",""issuerAssignedId"":""Andy.Ye@amphenol-cbs.com""}]","Amphenol High Speed Technology (Nantong) Co., Ltd",
8c80a751-cf37-42d7-b9a5-8a36501a7117,"Yi, Yan",Yan.Yi@amphenol-cbs.com,Member,True,"[{""signInType"":""userPrincipalName"",""issuer"":""amphenolfci.onmicrosoft.com"",""issuerAssignedId"":""Yan.Yi@amphenol-cbs.com""}]","Amphenol High Speed Technology (Nantong) Co., Ltd",
fcc94c79-03e4-4869-be35-6b8a7140dd40,"Yi, Yang",Yang.Yi@amphenol-cbs.com,Member,True,"[{""signInType"":""userPrincipalName"",""issuer"":""amphenolfci.onmicrosoft.com"",""issuerAssignedId"":""Yang.Yi@amphenol-cbs.com""}]","Amphenol High Speed Technology (Nantong) Co., Ltd",
e469ec19-8a74-4753-b2e9-3078f32bc1df,"Yu, Bingbo",Bingbo.Yu@amphenol-cbs.com,Member,True,"[{""signInType"":""userPrincipalName"",""issuer"":""amphenolfci.onmicrosoft.com"",""issuerAssignedId"":""Bingbo.Yu@amphenol-cbs.com""}]","Amphenol High Speed Technology (Nantong) Co., Ltd",
0ab38121-e06f-4d5c-8a14-332df465acac,"Yu, Fisher",Fisher.Yu@amphenol-cbs.com,Member,True,"[{""signInType"":""userPrincipalName"",""issuer"":""amphenolfci.onmicrosoft.com"",""issuerAssignedId"":""Fisher.Yu@amphenol-cbs.com""}]","Amphenol High Speed Technology (Nantong) Co., Ltd",
a81eee80-c1b7-4202-85ad-9eab38130b3e,"Yuan, Ariel",Ariel.Yuan@amphenol-cbs.com,Member,True,"[{""signInType"":""userPrincipalName"",""issuer"":""amphenolfci.onmicrosoft.com"",""issuerAssignedId"":""Ariel.Yuan@amphenol-cbs.com""}]","Amphenol High Speed Technology (Nantong) Co., Ltd",
c0485138-d6ca-4ce0-ba08-b12ce366c709,"Yuan, Jessie",Jessie.Yuan@amphenol-cbs.com,Member,True,"[{""signInType"":""userPrincipalName"",""issuer"":""amphenolfci.onmicrosoft.com"",""issuerAssignedId"":""Jessie.Yuan@amphenol-cbs.com""}]","Amphenol High Speed Technology (Nantong) Co., Ltd",
b8f30952-fcbe-4e8b-9a46-eb9e6c80348f,"Yue, Li",Li.Yue@amphenol-cbs.com,Member,True,"[{""signInType"":""userPrincipalName"",""issuer"":""amphenolfci.onmicrosoft.com"",""issuerAssignedId"":""Li.Yue@amphenol-cbs.com""}]","Amphenol High Speed Technology (Nantong) Co., Ltd",
6231d839-a990-44e9-b7a8-d829a295b50f,"Yueneng, Zhao",Zhao.Yueneng@amphenol-cbs.com,Member,True,"[{""signInType"":""userPrincipalName"",""issuer"":""amphenolfci.onmicrosoft.com"",""issuerAssignedId"":""Zhao.Yueneng@amphenol-cbs.com""}]","Amphenol High Speed Technology (Nantong) Co., Ltd",
bd594f07-4246-49db-806a-47d17439994b,"Zang, Gavin",Gavin.Zang@amphenol-cbs.com,Member,True,"[{""signInType"":""userPrincipalName"",""issuer"":""amphenolfci.onmicrosoft.com"",""issuerAssignedId"":""Gavin.Zang@amphenol-cbs.com""}]","Amphenol High Speed Technology (Nantong) Co., Ltd",
99969273-0f62-40d7-9484-650c1f33c5dd,"Zhang, Alex",Alex.Zhang@amphenol-cbs.com,Member,True,"[{""signInType"":""userPrincipalName"",""issuer"":""amphenolfci.onmicrosoft.com"",""issuerAssignedId"":""Alex.Zhang@amphenol-cbs.com""}]","Amphenol High Speed Technology (Nantong) Co., Ltd",
09409583-697a-49b4-b066-3d2ae783bb96,"Zhang, Ning",Ning.Zhang@amphenol-cbs.com,Member,True,"[{""signInType"":""userPrincipalName"",""issuer"":""amphenolfci.onmicrosoft.com"",""issuerAssignedId"":""Ning.Zhang@amphenol-cbs.com""}]","Amphenol High Speed Technology (Nantong) Co., Ltd",
d1ca11ae-6377-4693-957c-e40cf7c87383,"Zhang, Stephen(TTH)",Stephen.Zhang2@amphenol-cbs.com,Member,True,"[{""signInType"":""userPrincipalName"",""issuer"":""amphenolfci.onmicrosoft.com"",""issuerAssignedId"":""Stephen.Zhang2@amphenol-cbs.com""}]","Amphenol High Speed Technology (Nantong) Co., Ltd",
d3512479-a34b-4064-b36c-c019feaa6d82,"Zhang, Steven",Steven.Zhang@amphenol-cbs.com,Member,True,"[{""signInType"":""userPrincipalName"",""issuer"":""amphenolfci.onmicrosoft.com"",""issuerAssignedId"":""Steven.Zhang@amphenol-cbs.com""}]","Amphenol High Speed Technology (Nantong) Co., Ltd",
4a8a7c40-99b5-4eea-afa0-8c972981051d,"Zhang, Xiaobin",Xiaobin.Zhang@amphenol-cbs.com,Member,True,"[{""signInType"":""userPrincipalName"",""issuer"":""amphenolfci.onmicrosoft.com"",""issuerAssignedId"":""Xiaobin.Zhang@amphenol-cbs.com""}]","Amphenol High Speed Technology (Nantong) Co., Ltd",
9603cd47-303a-4b5f-aa18-ee1d341247cc,"Zhao, Jian",jian.zhao@amphenol-cbs.com,Member,True,"[{""signInType"":""userPrincipalName"",""issuer"":""amphenolfci.onmicrosoft.com"",""issuerAssignedId"":""jian.zhao@amphenol-cbs.com""}]","Amphenol High Speed Technology (Nantong) Co., Ltd",
7fb6a313-a047-4e76-94a9-9ade71a32104,"Zhao, Vera",Vera.Zhao@amphenol-cbs.com,Member,True,"[{""signInType"":""userPrincipalName"",""issuer"":""amphenolfci.onmicrosoft.com"",""issuerAssignedId"":""Vera.Zhao@amphenol-cbs.com""}]","Amphenol High Speed Technology (Nantong) Co., Ltd",
9f411c9f-187d-4feb-9a6c-c3a65481758c,"Zheng, Flora",Flora.Zheng@amphenol-cbs.com,Member,True,"[{""signInType"":""userPrincipalName"",""issuer"":""amphenolfci.onmicrosoft.com"",""issuerAssignedId"":""Flora.Zheng@amphenol-cbs.com""}]","Amphenol High Speed Technology (Nantong) Co., Ltd",
71e2a21d-5dc2-4efc-b99c-2c4921c49d63,"Zheng, Sean",Sean.Zheng@amphenol-cbs.com,Member,True,"[{""signInType"":""userPrincipalName"",""issuer"":""amphenolfci.onmicrosoft.com"",""issuerAssignedId"":""Sean.Zheng@amphenol-cbs.com""}]","Amphenol High Speed Technology (Nantong) Co., Ltd",
9310778c-5664-4538-8213-20fe0d9efda5,"Zhong, Lin",Lin.Zhong@amphenol-cbs.com,Member,True,"[{""signInType"":""userPrincipalName"",""issuer"":""amphenolfci.onmicrosoft.com"",""issuerAssignedId"":""Lin.Zhong@amphenol-cbs.com""}]","Amphenol High Speed Technology (Nantong) Co., Ltd",
76424c03-feaf-4633-9680-998d8225eea5,"Zhong, Luffy",Luffy.Zhong@amphenol-cbs.com,Member,True,"[{""signInType"":""userPrincipalName"",""issuer"":""amphenolfci.onmicrosoft.com"",""issuerAssignedId"":""Luffy.Zhong@amphenol-cbs.com""}]","Amphenol High Speed Technology (Nantong) Co., Ltd",
3acc5375-7c5a-4fdf-a462-117a084e9c43,"Zhou, Leon",Leon.Zhou@amphenol-cbs.com,Member,True,"[{""signInType"":""userPrincipalName"",""issuer"":""amphenolfci.onmicrosoft.com"",""issuerAssignedId"":""Leon.Zhou@amphenol-cbs.com""}]","Amphenol High Speed Technology (Nantong) Co., Ltd",
8b9427de-93f2-4133-abe6-7cb1b0890314,"Zhu, Xavier",Xavier.Zhu@amphenol-cbs.com,Member,True,"[{""signInType"":""userPrincipalName"",""issuer"":""amphenolfci.onmicrosoft.com"",""issuerAssignedId"":""Xavier.Zhu@amphenol-cbs.com""}]","Amphenol High Speed Technology (Nantong) Co., Ltd",
030d91f9-897d-46b6-a4c5-6596254b3c05,"Zou, Peter",Peter.Zou@amphenol-cbs.com,Member,True,"[{""signInType"":""userPrincipalName"",""issuer"":""amphenolfci.onmicrosoft.com"",""issuerAssignedId"":""Peter.Zou@amphenol-cbs.com""}]","Amphenol High Speed Technology (Nantong) Co., Ltd",
